Area_id,area,area_title,occ_title,tot_emp,h_mean,a_mean
1,1,Alabama,Management Occupations,"73,860",52.73,"109,680"
2,2,Alaska,Management Occupations,"19,780",52.55,"109,310"
3,4,Arizona,Management Occupations,"168,480",50.45,"104,940"
4,5,Arkansas,Management Occupations,"62,780",43.58,"90,640"
5,6,California,Management Occupations,"996,830",65.31,"135,840"
6,8,Colorado,Management Occupations,"116,770",63.34,"131,750"
7,9,Connecticut,Management Occupations,"117,110",68.46,"142,390"
8,10,Delaware,Management Occupations,"18,810",67.42,"140,240"
9,11,District of Columbia,Management Occupations,"86,690",71.96,"149,680"
10,12,Florida,Management Occupations,"400,230",52.58,"109,360"
11,13,Georgia,Management Occupations,"248,840",56.69,"117,910"
12,15,Hawaii,Management Occupations,"34,040",51.68,"107,490"
13,16,Idaho,Management Occupations,"40,470",39.68,"82,530"
14,17,Illinois,Management Occupations,"453,460",55.57,"115,580"
15,18,Indiana,Management Occupations,"143,700",47.6,"99,020"
16,19,Iowa,Management Occupations,"83,890",48.35,"100,560"
17,20,Kansas,Management Occupations,"62,660",50.2,"104,420"
18,21,Kentucky,Management Occupations,"87,530",45.32,"94,270"
19,22,Louisiana,Management Occupations,"82,620",47.91,"99,650"
20,23,Maine,Management Occupations,"35,630",46.37,"96,440"
21,24,Maryland,Management Occupations,"163,380",62.85,"130,730"
22,25,Massachusetts,Management Occupations,"294,490",64.38,"133,910"
23,26,Michigan,Management Occupations,"198,270",55.53,"115,490"
24,27,Minnesota,Management Occupations,"171,250",56.83,"118,200"
25,28,Mississippi,Management Occupations,"56,330",39.19,"81,510"
26,29,Missouri,Management Occupations,"123,150",51.64,"107,410"
27,30,Montana,Management Occupations,"16,490",43.93,"91,370"
28,31,Nebraska,Management Occupations,"51,410",47.11,"97,990"
29,32,Nevada,Management Occupations,"63,600",54.81,"114,010"
30,33,New Hampshire,Management Occupations,"38,350",58.07,"120,780"
31,34,New Jersey,Management Occupations,"208,980",72.61,"151,040"
32,35,New Mexico,Management Occupations,"36,630",47.57,"98,940"
33,36,New York,Management Occupations,"482,770",74.95,"155,900"
34,37,North Carolina,Management Occupations,"191,090",59.24,"123,220"
35,38,North Dakota,Management Occupations,"22,590",47.72,"99,260"
36,39,Ohio,Management Occupations,"240,570",53.68,"111,650"
37,40,Oklahoma,Management Occupations,"84,300",47.93,"99,680"
38,41,Oregon,Management Occupations,"114,040",50.29,"104,610"
39,42,Pennsylvania,Management Occupations,"253,290",60.48,"125,800"
40,44,Rhode Island,Management Occupations,"20,900",66.35,"138,020"
41,45,South Carolina,Management Occupations,"89,190",49.57,"103,100"
42,46,South Dakota,Management Occupations,"11,870",51.5,"107,120"
43,47,Tennessee,Management Occupations,"169,830",47.59,"98,980"
44,48,Texas,Management Occupations,"551,410",58.35,"121,360"
45,49,Utah,Management Occupations,"103,300",45.32,"94,260"
46,50,Vermont,Management Occupations,"16,170",47.11,"97,990"
47,51,Virginia,Management Occupations,"173,960",67.45,"140,300"
48,53,Washington,Management Occupations,"165,590",61.23,"127,360"
49,54,West Virginia,Management Occupations,"30,780",43.12,"89,690"
50,55,Wisconsin,Management Occupations,"126,060",53.95,"112,210"
51,56,Wyoming,Management Occupations,"12,420",47.65,"99,120"
52,1,Alabama,Business and Financial Operations Occupations,"74,370",34.47,"71,700"
53,2,Alaska,Business and Financial Operations Occupations,"12,800",37.04,"77,040"
54,4,Arizona,Business and Financial Operations Occupations,"149,110",32.59,"67,780"
55,5,Arkansas,Business and Financial Operations Occupations,"50,330",30.27,"62,950"
56,6,California,Business and Financial Operations Occupations,"1,021,960",40.05,"83,310"
57,8,Colorado,Business and Financial Operations Occupations,"190,330",37.87,"78,780"
58,9,Connecticut,Business and Financial Operations Occupations,"90,490",40.98,"85,240"
59,10,Delaware,Business and Financial Operations Occupations,"28,070",37.91,"78,850"
60,11,District of Columbia,Business and Financial Operations Occupations,"104,720",47.43,"98,650"
61,12,Florida,Business and Financial Operations Occupations,"460,150",32.96,"68,560"
62,13,Georgia,Business and Financial Operations Occupations,"242,400",35.06,"72,920"
63,15,Hawaii,Business and Financial Operations Occupations,"28,450",34.1,"70,930"
64,16,Idaho,Business and Financial Operations Occupations,"26,520",30.64,"63,730"
65,17,Illinois,Business and Financial Operations Occupations,"335,360",36.35,"75,600"
66,18,Indiana,Business and Financial Operations Occupations,"117,830",31.63,"65,800"
67,19,Iowa,Business and Financial Operations Occupations,"70,240",31.64,"65,810"
68,20,Kansas,Business and Financial Operations Occupations,"69,610",32.78,"68,190"
69,21,Kentucky,Business and Financial Operations Occupations,"73,690",30.06,"62,520"
70,22,Louisiana,Business and Financial Operations Occupations,"70,270",29.68,"61,730"
71,23,Maine,Business and Financial Operations Occupations,"24,390",32.17,"66,920"
72,24,Maryland,Business and Financial Operations Occupations,"167,260",39.52,"82,200"
73,25,Massachusetts,Business and Financial Operations Occupations,"205,570",41.34,"85,980"
74,26,Michigan,Business and Financial Operations Occupations,"211,500",34.41,"71,580"
75,27,Minnesota,Business and Financial Operations Occupations,"164,510",35.45,"73,740"
76,28,Mississippi,Business and Financial Operations Occupations,"32,100",29.23,"60,800"
77,29,Missouri,Business and Financial Operations Occupations,"138,940",33.25,"69,160"
78,30,Montana,Business and Financial Operations Occupations,"20,840",29.66,"61,700"
79,31,Nebraska,Business and Financial Operations Occupations,"49,690",31.65,"65,830"
80,32,Nevada,Business and Financial Operations Occupations,"49,270",32.99,"68,620"
81,33,New Hampshire,Business and Financial Operations Occupations,"28,620",35.45,"73,730"
82,34,New Jersey,Business and Financial Operations Occupations,"238,750",41.29,"85,890"
83,35,New Mexico,Business and Financial Operations Occupations,"35,850",32.34,"67,260"
84,36,New York,Business and Financial Operations Occupations,"571,050",45.55,"94,740"
85,37,North Carolina,Business and Financial Operations Occupations,"218,230",36.02,"74,930"
86,38,North Dakota,Business and Financial Operations Occupations,"17,770",31.82,"66,190"
87,39,Ohio,Business and Financial Operations Occupations,"281,060",33.9,"70,520"
88,40,Oklahoma,Business and Financial Operations Occupations,"72,370",31.14,"64,780"
89,41,Oregon,Business and Financial Operations Occupations,"91,030",34.65,"72,080"
90,42,Pennsylvania,Business and Financial Operations Occupations,"282,660",35.96,"74,800"
91,44,Rhode Island,Business and Financial Operations Occupations,"28,320",37.47,"77,940"
92,45,South Carolina,Business and Financial Operations Occupations,"75,560",31.07,"64,640"
93,46,South Dakota,Business and Financial Operations Occupations,"19,690",30.51,"63,470"
94,47,Tennessee,Business and Financial Operations Occupations,"127,220",30.93,"64,340"
95,48,Texas,Business and Financial Operations Occupations,"595,260",37.25,"77,480"
96,49,Utah,Business and Financial Operations Occupations,"76,290",31.09,"64,670"
97,50,Vermont,Business and Financial Operations Occupations,"15,190",32.82,"68,270"
98,51,Virginia,Business and Financial Operations Occupations,"274,770",40.92,"85,110"
99,53,Washington,Business and Financial Operations Occupations,"217,510",38.73,"80,560"
100,54,West Virginia,Business and Financial Operations Occupations,"23,050",30.04,"62,480"
101,55,Wisconsin,Business and Financial Operations Occupations,"141,750",31.51,"65,540"
102,56,Wyoming,Business and Financial Operations Occupations,"8,510",33.34,"69,360"
103,1,Alabama,Computer and Mathematical Occupations,"41,560",40.53,"84,290"
104,2,Alaska,Computer and Mathematical Occupations,"5,280",38.6,"80,280"
105,4,Arizona,Computer and Mathematical Occupations,"94,060",39.97,"83,140"
106,5,Arkansas,Computer and Mathematical Occupations,"23,160",32.83,"68,290"
107,6,California,Computer and Mathematical Occupations,"616,270",52.01,"108,190"
108,8,Colorado,Computer and Mathematical Occupations,"116,930",46.58,"96,880"
109,9,Connecticut,Computer and Mathematical Occupations,"48,420",44.51,"92,590"
110,10,Delaware,Computer and Mathematical Occupations,"17,120",44.98,"93,550"
111,11,District of Columbia,Computer and Mathematical Occupations,"42,120",52.21,"108,600"
112,12,Florida,Computer and Mathematical Occupations,"206,930",37.87,"78,780"
113,13,Georgia,Computer and Mathematical Occupations,"148,690",42.59,"88,590"
114,15,Hawaii,Computer and Mathematical Occupations,"10,030",38.74,"80,570"
115,16,Idaho,Computer and Mathematical Occupations,"14,610",34.57,"71,910"
116,17,Illinois,Computer and Mathematical Occupations,"177,530",42.17,"87,720"
117,18,Indiana,Computer and Mathematical Occupations,"59,060",36.11,"75,100"
118,19,Iowa,Computer and Mathematical Occupations,"36,530",37.84,"78,720"
119,20,Kansas,Computer and Mathematical Occupations,"34,560",35.21,"73,230"
120,21,Kentucky,Computer and Mathematical Occupations,"32,450",34.08,"70,890"
121,22,Louisiana,Computer and Mathematical Occupations,"20,480",32.14,"66,850"
122,23,Maine,Computer and Mathematical Occupations,"12,270",37.23,"77,440"
123,24,Maryland,Computer and Mathematical Occupations,"128,230",48.35,"100,560"
124,25,Massachusetts,Computer and Mathematical Occupations,"141,450",47.42,"98,630"
125,26,Michigan,Computer and Mathematical Occupations,"112,890",38.11,"79,280"
126,27,Minnesota,Computer and Mathematical Occupations,"96,020",42,"87,350"
127,28,Mississippi,Computer and Mathematical Occupations,"12,380",33.62,"69,920"
128,29,Missouri,Computer and Mathematical Occupations,"88,360",37.7,"78,420"
129,30,Montana,Computer and Mathematical Occupations,"8,660",31.44,"65,390"
130,31,Nebraska,Computer and Mathematical Occupations,"30,550",37.15,"77,270"
131,32,Nevada,Computer and Mathematical Occupations,"20,150",37.96,"78,960"
132,33,New Hampshire,Computer and Mathematical Occupations,"21,660",45.04,"93,680"
133,34,New Jersey,Computer and Mathematical Occupations,"144,240",48.75,"101,390"
134,35,New Mexico,Computer and Mathematical Occupations,"15,520",37.9,"78,830"
135,36,New York,Computer and Mathematical Occupations,"264,620",46.79,"97,320"
136,37,North Carolina,Computer and Mathematical Occupations,"135,130",42.13,"87,630"
137,38,North Dakota,Computer and Mathematical Occupations,"8,050",33.34,"69,350"
138,39,Ohio,Computer and Mathematical Occupations,"150,790",39.46,"82,080"
139,40,Oklahoma,Computer and Mathematical Occupations,"30,540",34.39,"71,540"
140,41,Oregon,Computer and Mathematical Occupations,"53,550",40.93,"85,140"
141,42,Pennsylvania,Computer and Mathematical Occupations,"158,420",40.77,"84,800"
142,44,Rhode Island,Computer and Mathematical Occupations,"13,680",42.32,"88,020"
143,45,South Carolina,Computer and Mathematical Occupations,"39,740",35.59,"74,030"
144,46,South Dakota,Computer and Mathematical Occupations,"8,160",31.58,"65,680"
145,47,Tennessee,Computer and Mathematical Occupations,"56,460",36.21,"75,310"
146,48,Texas,Computer and Mathematical Occupations,"364,120",43.63,"90,740"
147,49,Utah,Computer and Mathematical Occupations,"52,430",39.3,"81,740"
148,50,Vermont,Computer and Mathematical Occupations,"7,280",36.5,"75,920"
149,51,Virginia,Computer and Mathematical Occupations,"206,750",49.25,"102,430"
150,53,Washington,Computer and Mathematical Occupations,"164,830",52.24,"108,660"
151,54,West Virginia,Computer and Mathematical Occupations,"11,010",34.33,"71,400"
152,55,Wisconsin,Computer and Mathematical Occupations,"77,540",37.06,"77,080"
153,56,Wyoming,Computer and Mathematical Occupations,"3,030",32.4,"67,380"
154,1,Alabama,Architecture and Engineering Occupations,"43,510",41.99,"87,340"
155,2,Alaska,Architecture and Engineering Occupations,"7,930",50.96,"106,000"
156,4,Arizona,Architecture and Engineering Occupations,"52,050",41.02,"85,330"
157,5,Arkansas,Architecture and Engineering Occupations,"12,500",34.13,"70,990"
158,6,California,Architecture and Engineering Occupations,"337,180",48.46,"100,800"
159,8,Colorado,Architecture and Engineering Occupations,"61,970",43.8,"91,090"
160,9,Connecticut,Architecture and Engineering Occupations,"34,960",42.8,"89,030"
161,10,Delaware,Architecture and Engineering Occupations,"6,630",43.96,"91,430"
162,11,District of Columbia,Architecture and Engineering Occupations,"11,930",52.98,"110,200"
163,12,Florida,Architecture and Engineering Occupations,"106,320",36.23,"75,360"
164,13,Georgia,Architecture and Engineering Occupations,"62,570",38.93,"80,970"
165,15,Hawaii,Architecture and Engineering Occupations,"9,250",39.14,"81,410"
166,16,Idaho,Architecture and Engineering Occupations,"13,590",39.79,"82,750"
167,17,Illinois,Architecture and Engineering Occupations,"88,180",40.26,"83,730"
168,18,Indiana,Architecture and Engineering Occupations,"50,580",35.51,"73,860"
169,19,Iowa,Architecture and Engineering Occupations,"20,830",34.92,"72,640"
170,20,Kansas,Architecture and Engineering Occupations,"24,110",37.52,"78,040"
171,21,Kentucky,Architecture and Engineering Occupations,"28,270",35.37,"73,570"
172,22,Louisiana,Architecture and Engineering Occupations,"31,410",40.47,"84,180"
173,23,Maine,Architecture and Engineering Occupations,"9,930",36.72,"76,380"
174,24,Maryland,Architecture and Engineering Occupations,"60,480",47.23,"98,250"
175,25,Massachusetts,Architecture and Engineering Occupations,"74,860",44.7,"92,970"
176,26,Michigan,Architecture and Engineering Occupations,"139,590",40.3,"83,820"
177,27,Minnesota,Architecture and Engineering Occupations,"56,070",39.57,"82,300"
178,28,Mississippi,Architecture and Engineering Occupations,"13,950",36.01,"74,910"
179,29,Missouri,Architecture and Engineering Occupations,"38,390",38.38,"79,840"
180,30,Montana,Architecture and Engineering Occupations,"7,070",34.8,"72,380"
181,31,Nebraska,Architecture and Engineering Occupations,"12,400",35.21,"73,250"
182,32,Nevada,Architecture and Engineering Occupations,"14,010",38.27,"79,610"
183,33,New Hampshire,Architecture and Engineering Occupations,"13,950",40.98,"85,240"
184,34,New Jersey,Architecture and Engineering Occupations,"51,020",45.55,"94,750"
185,35,New Mexico,Architecture and Engineering Occupations,"19,880",45.72,"95,110"
186,36,New York,Architecture and Engineering Occupations,"112,120",43.06,"89,560"
187,37,North Carolina,Architecture and Engineering Occupations,"64,160",37.6,"78,210"
188,38,North Dakota,Architecture and Engineering Occupations,"7,040",36.86,"76,680"
189,39,Ohio,Architecture and Engineering Occupations,"96,100",38.29,"79,650"
190,40,Oklahoma,Architecture and Engineering Occupations,"28,550",39.47,"82,100"
191,41,Oregon,Architecture and Engineering Occupations,"42,290",39.06,"81,250"
192,42,Pennsylvania,Architecture and Engineering Occupations,"104,660",38.48,"80,040"
193,44,Rhode Island,Architecture and Engineering Occupations,"8,580",44.07,"91,670"
194,45,South Carolina,Architecture and Engineering Occupations,"40,400",38.44,"79,960"
195,46,South Dakota,Architecture and Engineering Occupations,"4,920",32.75,"68,120"
196,47,Tennessee,Architecture and Engineering Occupations,"44,550",36.36,"75,630"
197,48,Texas,Architecture and Engineering Occupations,"234,930",47.35,"98,500"
198,49,Utah,Architecture and Engineering Occupations,"28,290",37.48,"77,960"
199,50,Vermont,Architecture and Engineering Occupations,"6,080",38.26,"79,580"
200,51,Virginia,Architecture and Engineering Occupations,"77,210",43.6,"90,700"
201,53,Washington,Architecture and Engineering Occupations,"75,110",45.99,"95,660"
202,54,West Virginia,Architecture and Engineering Occupations,"9,310",36,"74,880"
203,55,Wisconsin,Architecture and Engineering Occupations,"52,260",34.79,"72,370"
204,56,Wyoming,Architecture and Engineering Occupations,"4,300",38.77,"80,650"
205,1,Alabama,"Life, Physical, and Social Science Occupations","8,560",31.18,"64,860"
206,2,Alaska,"Life, Physical, and Social Science Occupations","5,980",35.92,"74,720"
207,4,Arizona,"Life, Physical, and Social Science Occupations","19,950",30.84,"64,150"
208,5,Arkansas,"Life, Physical, and Social Science Occupations","5,930",28.74,"59,780"
209,6,California,"Life, Physical, and Social Science Occupations","177,450",41.18,"85,640"
210,8,Colorado,"Life, Physical, and Social Science Occupations","30,330",36.62,"76,170"
211,9,Connecticut,"Life, Physical, and Social Science Occupations","11,800",40.73,"84,720"
212,10,Delaware,"Life, Physical, and Social Science Occupations","5,210",38.9,"80,900"
213,11,District of Columbia,"Life, Physical, and Social Science Occupations","22,960",52.97,"110,170"
214,12,Florida,"Life, Physical, and Social Science Occupations","40,130",31.38,"65,270"
215,13,Georgia,"Life, Physical, and Social Science Occupations","25,580",32.51,"67,610"
216,15,Hawaii,"Life, Physical, and Social Science Occupations","6,280",34.78,"72,340"
217,16,Idaho,"Life, Physical, and Social Science Occupations","9,700",26.54,"55,200"
218,17,Illinois,"Life, Physical, and Social Science Occupations","36,690",34.05,"70,810"
219,18,Indiana,"Life, Physical, and Social Science Occupations","19,600",33.64,"69,980"
220,19,Iowa,"Life, Physical, and Social Science Occupations","12,020",29.61,"61,580"
221,20,Kansas,"Life, Physical, and Social Science Occupations","8,520",31.79,"66,120"
222,21,Kentucky,"Life, Physical, and Social Science Occupations","8,250",29.31,"60,960"
223,22,Louisiana,"Life, Physical, and Social Science Occupations","13,770",32.27,"67,120"
224,23,Maine,"Life, Physical, and Social Science Occupations","4,000",30.98,"64,440"
225,24,Maryland,"Life, Physical, and Social Science Occupations","41,280",44.82,"93,210"
226,25,Massachusetts,"Life, Physical, and Social Science Occupations","53,530",40.99,"85,270"
227,26,Michigan,"Life, Physical, and Social Science Occupations","30,440",30.49,"63,420"
228,27,Minnesota,"Life, Physical, and Social Science Occupations","26,210",36.46,"75,830"
229,28,Mississippi,"Life, Physical, and Social Science Occupations","6,220",29.84,"62,060"
230,29,Missouri,"Life, Physical, and Social Science Occupations","17,030",30.34,"63,120"
231,30,Montana,"Life, Physical, and Social Science Occupations","8,020",26.91,"55,970"
232,31,Nebraska,"Life, Physical, and Social Science Occupations","6,980",30.22,"62,850"
233,32,Nevada,"Life, Physical, and Social Science Occupations","8,160",31.28,"65,060"
234,33,New Hampshire,"Life, Physical, and Social Science Occupations","4,180",36.45,"75,820"
235,34,New Jersey,"Life, Physical, and Social Science Occupations","37,160",47.68,"99,170"
236,35,New Mexico,"Life, Physical, and Social Science Occupations","11,570",40.3,"83,820"
237,36,New York,"Life, Physical, and Social Science Occupations","67,740",36.67,"76,270"
238,37,North Carolina,"Life, Physical, and Social Science Occupations","35,220",34.14,"71,000"
239,38,North Dakota,"Life, Physical, and Social Science Occupations","3,370",32.37,"67,330"
240,39,Ohio,"Life, Physical, and Social Science Occupations","36,250",32.03,"66,630"
241,40,Oklahoma,"Life, Physical, and Social Science Occupations","10,960",32.9,"68,440"
242,41,Oregon,"Life, Physical, and Social Science Occupations","20,060",31.77,"66,080"
243,42,Pennsylvania,"Life, Physical, and Social Science Occupations","45,730",36.98,"76,930"
244,44,Rhode Island,"Life, Physical, and Social Science Occupations","3,140",39.04,"81,190"
245,45,South Carolina,"Life, Physical, and Social Science Occupations","9,350",31.45,"65,430"
246,46,South Dakota,"Life, Physical, and Social Science Occupations","4,160",26.87,"55,890"
247,47,Tennessee,"Life, Physical, and Social Science Occupations","17,300",31.19,"64,880"
248,48,Texas,"Life, Physical, and Social Science Occupations","80,990",36.97,"76,890"
249,49,Utah,"Life, Physical, and Social Science Occupations","12,660",29.47,"61,290"
250,50,Vermont,"Life, Physical, and Social Science Occupations","2,650",32.31,"67,200"
251,51,Virginia,"Life, Physical, and Social Science Occupations","32,480",41.21,"85,720"
252,53,Washington,"Life, Physical, and Social Science Occupations","35,780",36.2,"75,290"
253,54,West Virginia,"Life, Physical, and Social Science Occupations","6,200",28.05,"58,330"
254,55,Wisconsin,"Life, Physical, and Social Science Occupations","20,340",30.7,"63,850"
255,56,Wyoming,"Life, Physical, and Social Science Occupations","4,040",28.43,"59,130"
256,1,Alabama,Community and Social Service Occupations,"18,720",21.54,"44,790"
257,2,Alaska,Community and Social Service Occupations,"7,160",25.77,"53,610"
258,4,Arizona,Community and Social Service Occupations,"42,850",21.7,"45,140"
259,5,Arkansas,Community and Social Service Occupations,"14,310",20.04,"41,670"
260,6,California,Community and Social Service Occupations,"282,230",27.94,"58,120"
261,8,Colorado,Community and Social Service Occupations,"39,470",23.98,"49,870"
262,9,Connecticut,Community and Social Service Occupations,"34,050",27.62,"57,440"
263,10,Delaware,Community and Social Service Occupations,"6,760",22.74,"47,300"
264,11,District of Columbia,Community and Social Service Occupations,"11,730",29.74,"61,860"
265,12,Florida,Community and Social Service Occupations,"101,550",21.37,"44,450"
266,13,Georgia,Community and Social Service Occupations,"50,540",22.49,"46,770"
267,15,Hawaii,Community and Social Service Occupations,"10,550",25.71,"53,480"
268,16,Idaho,Community and Social Service Occupations,"11,710",21.02,"43,710"
269,17,Illinois,Community and Social Service Occupations,"84,550",23.4,"48,670"
270,18,Indiana,Community and Social Service Occupations,"39,190",21.02,"43,720"
271,19,Iowa,Community and Social Service Occupations,"21,370",21.74,"45,210"
272,20,Kansas,Community and Social Service Occupations,"16,970",20.23,"42,090"
273,21,Kentucky,Community and Social Service Occupations,"27,080",20.33,"42,280"
274,22,Louisiana,Community and Social Service Occupations,"26,630",21.03,"43,740"
275,23,Maine,Community and Social Service Occupations,"10,350",22.38,"46,540"
276,24,Maryland,Community and Social Service Occupations,"43,090",25.53,"53,090"
277,25,Massachusetts,Community and Social Service Occupations,"84,380",23.89,"49,680"
278,26,Michigan,Community and Social Service Occupations,"61,720",22.81,"47,450"
279,27,Minnesota,Community and Social Service Occupations,"57,870",23.55,"48,990"
280,28,Mississippi,Community and Social Service Occupations,"14,190",18.99,"39,490"
281,29,Missouri,Community and Social Service Occupations,"43,300",19.84,"41,270"
282,30,Montana,Community and Social Service Occupations,"9,170",19.72,"41,020"
283,31,Nebraska,Community and Social Service Occupations,"14,170",20.38,"42,390"
284,32,Nevada,Community and Social Service Occupations,"12,780",25.34,"52,700"
285,33,New Hampshire,Community and Social Service Occupations,"8,740",22.5,"46,800"
286,34,New Jersey,Community and Social Service Occupations,"69,550",26.02,"54,120"
287,35,New Mexico,Community and Social Service Occupations,"13,350",21.53,"44,780"
288,36,New York,Community and Social Service Occupations,"191,680",25.78,"53,620"
289,37,North Carolina,Community and Social Service Occupations,"53,050",21.92,"45,600"
290,38,North Dakota,Community and Social Service Occupations,"5,690",23.98,"49,890"
291,39,Ohio,Community and Social Service Occupations,"79,140",22.01,"45,790"
292,40,Oklahoma,Community and Social Service Occupations,"24,000",19.89,"41,370"
293,41,Oregon,Community and Social Service Occupations,"38,300",24.22,"50,390"
294,42,Pennsylvania,Community and Social Service Occupations,"107,970",21.84,"45,440"
295,44,Rhode Island,Community and Social Service Occupations,"9,000",25.49,"53,010"
296,45,South Carolina,Community and Social Service Occupations,"25,090",20.75,"43,170"
297,46,South Dakota,Community and Social Service Occupations,"6,780",19.44,"40,430"
298,47,Tennessee,Community and Social Service Occupations,"32,130",20.29,"42,200"
299,48,Texas,Community and Social Service Occupations,"117,090",23.77,"49,440"
300,49,Utah,Community and Social Service Occupations,"20,320",22.12,"46,020"
301,50,Vermont,Community and Social Service Occupations,"9,940",21.7,"45,140"
302,51,Virginia,Community and Social Service Occupations,"58,510",24.31,"50,570"
303,53,Washington,Community and Social Service Occupations,"48,550",24.87,"51,740"
304,54,West Virginia,Community and Social Service Occupations,"11,480",18.7,"38,890"
305,55,Wisconsin,Community and Social Service Occupations,"39,040",21.41,"44,540"
306,56,Wyoming,Community and Social Service Occupations,"4,000",23.48,"48,830"
307,1,Alabama,Legal Occupations,"10,060",41.71,"86,770"
308,2,Alaska,Legal Occupations,"2,170",45.25,"94,130"
309,4,Arizona,Legal Occupations,"20,320",46.45,"96,620"
310,5,Arkansas,Legal Occupations,"6,470",35.71,"74,290"
311,6,California,Legal Occupations,"135,520",62.77,"130,560"
312,8,Colorado,Legal Occupations,"22,540",54.54,"113,440"
313,9,Connecticut,Legal Occupations,"13,300",55.26,"114,940"
314,10,Delaware,Legal Occupations,"4,760",58.72,"122,140"
315,11,District of Columbia,Legal Occupations,"40,010",81.4,"169,310"
316,12,Florida,Legal Occupations,"88,420",45.54,"94,720"
317,13,Georgia,Legal Occupations,"33,410",48.8,"101,500"
318,15,Hawaii,Legal Occupations,"3,920",42.84,"89,110"
319,16,Idaho,Legal Occupations,"4,120",37.99,"79,020"
320,17,Illinois,Legal Occupations,"49,630",58.1,"120,850"
321,18,Indiana,Legal Occupations,"15,440",40.98,"85,250"
322,19,Iowa,Legal Occupations,"7,870",36.56,"76,040"
323,20,Kansas,Legal Occupations,"7,440",37.57,"78,140"
324,21,Kentucky,Legal Occupations,"10,140",38.36,"79,780"
325,22,Louisiana,Legal Occupations,"14,860",38.67,"80,430"
326,23,Maine,Legal Occupations,"3,660",37.99,"79,030"
327,24,Maryland,Legal Occupations,"25,320",45.4,"94,420"
328,25,Massachusetts,Legal Occupations,"29,810",62.53,"130,060"
329,26,Michigan,Legal Occupations,"25,880",41.58,"86,480"
330,27,Minnesota,Legal Occupations,"19,870",45.8,"95,250"
331,28,Mississippi,Legal Occupations,"5,720",35.75,"74,360"
332,29,Missouri,Legal Occupations,"18,650",42.84,"89,110"
333,30,Montana,Legal Occupations,"3,940",33.69,"70,070"
334,31,Nebraska,Legal Occupations,"5,230",39.24,"81,610"
335,32,Nevada,Legal Occupations,"8,680",51.13,"106,360"
336,33,New Hampshire,Legal Occupations,"3,330",46.11,"95,900"
337,34,New Jersey,Legal Occupations,"33,750",53.61,"111,510"
338,35,New Mexico,Legal Occupations,"5,500",39.75,"82,680"
339,36,New York,Legal Occupations,"114,010",65.45,"136,140"
340,37,North Carolina,Legal Occupations,"24,550",43.58,"90,650"
341,38,North Dakota,Legal Occupations,"2,640",37.36,"77,710"
342,39,Ohio,Legal Occupations,"33,630",43.84,"91,180"
343,40,Oklahoma,Legal Occupations,"12,580",41.86,"87,070"
344,41,Oregon,Legal Occupations,"12,820",43.89,"91,290"
345,42,Pennsylvania,Legal Occupations,"43,560",49.4,"102,750"
346,44,Rhode Island,Legal Occupations,"3,630",43.78,"91,070"
347,45,South Carolina,Legal Occupations,"13,800",35.13,"73,070"
348,46,South Dakota,Legal Occupations,"1,720",39.05,"81,210"
349,47,Tennessee,Legal Occupations,"14,620",44.05,"91,620"
350,48,Texas,Legal Occupations,"80,670",52,"108,160"
351,49,Utah,Legal Occupations,"9,800",39.39,"81,930"
352,50,Vermont,Legal Occupations,"1,990",40.6,"84,450"
353,51,Virginia,Legal Occupations,"35,600",49.91,"103,820"
354,53,Washington,Legal Occupations,"21,540",49.43,"102,810"
355,54,West Virginia,Legal Occupations,"5,230",36.05,"74,990"
356,55,Wisconsin,Legal Occupations,"14,160",46.1,"95,890"
357,56,Wyoming,Legal Occupations,"1,630",36.29,"75,490"
358,1,Alabama,"Education, Training, and Library Occupations","103,640",23.41,"48,690"
359,2,Alaska,"Education, Training, and Library Occupations","21,810",29.79,"61,960"
360,4,Arizona,"Education, Training, and Library Occupations","141,430",22.96,"47,770"
361,5,Arkansas,"Education, Training, and Library Occupations","74,380",22.31,"46,410"
362,6,California,"Education, Training, and Library Occupations","1,028,190",31.76,"66,050"
363,8,Colorado,"Education, Training, and Library Occupations","143,090",26.4,"54,910"
364,9,Connecticut,"Education, Training, and Library Occupations","120,700",31.71,"65,970"
365,10,Delaware,"Education, Training, and Library Occupations","25,280",26.7,"55,540"
366,11,District of Columbia,"Education, Training, and Library Occupations","34,050",38.86,"80,820"
367,12,Florida,"Education, Training, and Library Occupations","431,690",23.45,"48,770"
368,13,Georgia,"Education, Training, and Library Occupations","270,530",24.58,"51,130"
369,15,Hawaii,"Education, Training, and Library Occupations","43,370",25.74,"53,550"
370,16,Idaho,"Education, Training, and Library Occupations","43,070",20.87,"43,410"
371,17,Illinois,"Education, Training, and Library Occupations","375,430",26.72,"55,570"
372,18,Indiana,"Education, Training, and Library Occupations","164,670",23.45,"48,770"
373,19,Iowa,"Education, Training, and Library Occupations","106,430",25.17,"52,360"
374,20,Kansas,"Education, Training, and Library Occupations","92,590",22.02,"45,800"
375,21,Kentucky,"Education, Training, and Library Occupations","98,450",24.12,"50,170"
376,22,Louisiana,"Education, Training, and Library Occupations","118,790",21.53,"44,780"
377,23,Maine,"Education, Training, and Library Occupations","41,760",23.35,"48,560"
378,24,Maryland,"Education, Training, and Library Occupations","176,170",31.36,"65,230"
379,25,Massachusetts,"Education, Training, and Library Occupations","244,590",33.35,"69,360"
380,26,Michigan,"Education, Training, and Library Occupations","229,340",26.79,"55,730"
381,27,Minnesota,"Education, Training, and Library Occupations","166,300",27.12,"56,410"
382,28,Mississippi,"Education, Training, and Library Occupations","74,730",21.24,"44,170"
383,29,Missouri,"Education, Training, and Library Occupations","149,990",24.92,"51,840"
384,30,Montana,"Education, Training, and Library Occupations","29,290",20.73,"43,120"
385,31,Nebraska,"Education, Training, and Library Occupations","58,960",24.8,"51,590"
386,32,Nevada,"Education, Training, and Library Occupations","55,170",24.19,"50,320"
387,33,New Hampshire,"Education, Training, and Library Occupations","43,110",25.33,"52,690"
388,34,New Jersey,"Education, Training, and Library Occupations","292,700",29.02,"60,360"
389,35,New Mexico,"Education, Training, and Library Occupations","51,880",23.88,"49,670"
390,36,New York,"Education, Training, and Library Occupations","690,330",33.78,"70,260"
391,37,North Carolina,"Education, Training, and Library Occupations","277,400",23.6,"49,080"
392,38,North Dakota,"Education, Training, and Library Occupations","22,870",25.1,"52,200"
393,39,Ohio,"Education, Training, and Library Occupations","328,420",27.95,"58,130"
394,40,Oklahoma,"Education, Training, and Library Occupations","93,310",19.26,"40,050"
395,41,Oregon,"Education, Training, and Library Occupations","107,350",29.44,"61,240"
396,42,Pennsylvania,"Education, Training, and Library Occupations","337,680",28.78,"59,870"
397,44,Rhode Island,"Education, Training, and Library Occupations","33,260",31.62,"65,770"
398,45,South Carolina,"Education, Training, and Library Occupations","114,270",23.1,"48,050"
399,46,South Dakota,"Education, Training, and Library Occupations","24,710",20.32,"42,270"
400,47,Tennessee,"Education, Training, and Library Occupations","155,930",24.02,"49,960"
401,48,Texas,"Education, Training, and Library Occupations","764,380",24.93,"51,850"
402,49,Utah,"Education, Training, and Library Occupations","89,670",25.42,"52,870"
403,50,Vermont,"Education, Training, and Library Occupations","25,940",26.63,"55,400"
404,51,Virginia,"Education, Training, and Library Occupations","245,270",27.44,"57,080"
405,53,Washington,"Education, Training, and Library Occupations","188,000",27.19,"56,560"
406,54,West Virginia,"Education, Training, and Library Occupations","44,840",20.89,"43,460"
407,55,Wisconsin,"Education, Training, and Library Occupations","165,060",24.49,"50,950"
408,56,Wyoming,"Education, Training, and Library Occupations","19,500",23.75,"49,400"
409,1,Alabama,"Arts, Design, Entertainment, Sports, and Media Occupations","17,700",22.22,"46,220"
410,2,Alaska,"Arts, Design, Entertainment, Sports, and Media Occupations","3,430",26.59,"55,300"
411,4,Arizona,"Arts, Design, Entertainment, Sports, and Media Occupations","31,360",26.16,"54,410"
412,5,Arkansas,"Arts, Design, Entertainment, Sports, and Media Occupations","9,370",22.42,"46,640"
413,6,California,"Arts, Design, Entertainment, Sports, and Media Occupations","307,070",34.97,"72,750"
414,8,Colorado,"Arts, Design, Entertainment, Sports, and Media Occupations","40,640",26.55,"55,230"
415,9,Connecticut,"Arts, Design, Entertainment, Sports, and Media Occupations","21,880",30.47,"63,380"
416,10,Delaware,"Arts, Design, Entertainment, Sports, and Media Occupations","4,220",23.8,"49,500"
417,11,District of Columbia,"Arts, Design, Entertainment, Sports, and Media Occupations","37,470",45.73,"95,130"
418,12,Florida,"Arts, Design, Entertainment, Sports, and Media Occupations","105,100",24.83,"51,650"
419,13,Georgia,"Arts, Design, Entertainment, Sports, and Media Occupations","61,040",26.37,"54,850"
420,15,Hawaii,"Arts, Design, Entertainment, Sports, and Media Occupations","9,100",26.86,"55,860"
421,16,Idaho,"Arts, Design, Entertainment, Sports, and Media Occupations","8,120",20.6,"42,850"
422,17,Illinois,"Arts, Design, Entertainment, Sports, and Media Occupations","74,740",25.83,"53,730"
423,18,Indiana,"Arts, Design, Entertainment, Sports, and Media Occupations","30,630",22.72,"47,260"
424,19,Iowa,"Arts, Design, Entertainment, Sports, and Media Occupations","19,140",19.73,"41,030"
425,20,Kansas,"Arts, Design, Entertainment, Sports, and Media Occupations","16,980",21.54,"44,810"
426,21,Kentucky,"Arts, Design, Entertainment, Sports, and Media Occupations","17,130",21.51,"44,750"
427,22,Louisiana,"Arts, Design, Entertainment, Sports, and Media Occupations","16,850",23.41,"48,690"
428,23,Maine,"Arts, Design, Entertainment, Sports, and Media Occupations","7,700",21.62,"44,970"
429,24,Maryland,"Arts, Design, Entertainment, Sports, and Media Occupations","32,110",28.17,"58,590"
430,25,Massachusetts,"Arts, Design, Entertainment, Sports, and Media Occupations","51,750",30.97,"64,420"
431,26,Michigan,"Arts, Design, Entertainment, Sports, and Media Occupations","53,470",25.27,"52,560"
432,27,Minnesota,"Arts, Design, Entertainment, Sports, and Media Occupations","39,670",26.34,"54,790"
433,28,Mississippi,"Arts, Design, Entertainment, Sports, and Media Occupations","8,140",22.35,"46,480"
434,29,Missouri,"Arts, Design, Entertainment, Sports, and Media Occupations","35,960",24.28,"50,500"
435,30,Montana,"Arts, Design, Entertainment, Sports, and Media Occupations","6,120",18.17,"37,800"
436,31,Nebraska,"Arts, Design, Entertainment, Sports, and Media Occupations","11,100",21.89,"45,520"
437,32,Nevada,"Arts, Design, Entertainment, Sports, and Media Occupations","19,150",25.88,"53,840"
438,33,New Hampshire,"Arts, Design, Entertainment, Sports, and Media Occupations","6,920",24.2,"50,340"
439,34,New Jersey,"Arts, Design, Entertainment, Sports, and Media Occupations","47,900",29.39,"61,130"
440,35,New Mexico,"Arts, Design, Entertainment, Sports, and Media Occupations","8,490",25.54,"53,120"
441,36,New York,"Arts, Design, Entertainment, Sports, and Media Occupations","207,900",38.4,"79,870"
442,37,North Carolina,"Arts, Design, Entertainment, Sports, and Media Occupations","42,100",26.5,"55,120"
443,38,North Dakota,"Arts, Design, Entertainment, Sports, and Media Occupations","5,190",20.62,"42,880"
444,39,Ohio,"Arts, Design, Entertainment, Sports, and Media Occupations","62,350",23.62,"49,130"
445,40,Oklahoma,"Arts, Design, Entertainment, Sports, and Media Occupations","15,080",20.46,"42,560"
446,41,Oregon,"Arts, Design, Entertainment, Sports, and Media Occupations","30,730",27.11,"56,390"
447,42,Pennsylvania,"Arts, Design, Entertainment, Sports, and Media Occupations","60,770",24.56,"51,080"
448,44,Rhode Island,"Arts, Design, Entertainment, Sports, and Media Occupations","7,030",28.3,"58,870"
449,45,South Carolina,"Arts, Design, Entertainment, Sports, and Media Occupations","18,760",23.34,"48,550"
450,46,South Dakota,"Arts, Design, Entertainment, Sports, and Media Occupations","5,430",18.35,"38,170"
451,47,Tennessee,"Arts, Design, Entertainment, Sports, and Media Occupations","31,960",25.56,"53,170"
452,48,Texas,"Arts, Design, Entertainment, Sports, and Media Occupations","137,980",25.73,"53,520"
453,49,Utah,"Arts, Design, Entertainment, Sports, and Media Occupations","23,000",23.9,"49,710"
454,50,Vermont,"Arts, Design, Entertainment, Sports, and Media Occupations","5,970",22.77,"47,360"
455,51,Virginia,"Arts, Design, Entertainment, Sports, and Media Occupations","48,600",28.82,"59,950"
456,53,Washington,"Arts, Design, Entertainment, Sports, and Media Occupations","48,520",28.15,"58,560"
457,54,West Virginia,"Arts, Design, Entertainment, Sports, and Media Occupations","4,680",21.43,"44,570"
458,55,Wisconsin,"Arts, Design, Entertainment, Sports, and Media Occupations","31,970",22.22,"46,230"
459,56,Wyoming,"Arts, Design, Entertainment, Sports, and Media Occupations","2,730",20.65,"42,940"
460,1,Alabama,Healthcare Practitioners and Technical Occupations,"131,000",32.26,"67,090"
461,2,Alaska,Healthcare Practitioners and Technical Occupations,"17,750",48.27,"100,400"
462,4,Arizona,Healthcare Practitioners and Technical Occupations,"161,490",40.4,"84,030"
463,5,Arkansas,Healthcare Practitioners and Technical Occupations,"80,890",32.25,"67,080"
464,6,California,Healthcare Practitioners and Technical Occupations,"838,440",47.55,"98,910"
465,8,Colorado,Healthcare Practitioners and Technical Occupations,"146,200",40.35,"83,930"
466,9,Connecticut,Healthcare Practitioners and Technical Occupations,"102,710",45.66,"94,980"
467,10,Delaware,Healthcare Practitioners and Technical Occupations,"31,680",42.08,"87,520"
468,11,District of Columbia,Healthcare Practitioners and Technical Occupations,"32,710",46.99,"97,740"
469,12,Florida,Healthcare Practitioners and Technical Occupations,"532,310",36.38,"75,680"
470,13,Georgia,Healthcare Practitioners and Technical Occupations,"247,850",36.39,"75,690"
471,15,Hawaii,Healthcare Practitioners and Technical Occupations,"31,660",47.05,"97,870"
472,16,Idaho,Healthcare Practitioners and Technical Occupations,"40,080",37.27,"77,510"
473,17,Illinois,Healthcare Practitioners and Technical Occupations,"354,250",38.3,"79,660"
474,18,Indiana,Healthcare Practitioners and Technical Occupations,"195,120",36.54,"76,000"
475,19,Iowa,Healthcare Practitioners and Technical Occupations,"87,560",35.31,"73,450"
476,20,Kansas,Healthcare Practitioners and Technical Occupations,"81,700",33.45,"69,570"
477,21,Kentucky,Healthcare Practitioners and Technical Occupations,"124,270",33.83,"70,370"
478,22,Louisiana,Healthcare Practitioners and Technical Occupations,"131,860",31.57,"65,660"
479,23,Maine,Healthcare Practitioners and Technical Occupations,"41,280",40.35,"83,920"
480,24,Maryland,Healthcare Practitioners and Technical Occupations,"173,210",42.55,"88,500"
481,25,Massachusetts,Healthcare Practitioners and Technical Occupations,"242,690",46.92,"97,600"
482,26,Michigan,Healthcare Practitioners and Technical Occupations,"283,410",38.29,"79,650"
483,27,Minnesota,Healthcare Practitioners and Technical Occupations,"190,720",42.96,"89,360"
484,28,Mississippi,Healthcare Practitioners and Technical Occupations,"79,780",30.86,"64,190"
485,29,Missouri,Healthcare Practitioners and Technical Occupations,"191,550",34.67,"72,120"
486,30,Montana,Healthcare Practitioners and Technical Occupations,"30,360",37.63,"78,270"
487,31,Nebraska,Healthcare Practitioners and Technical Occupations,"62,770",35.96,"74,800"
488,32,Nevada,Healthcare Practitioners and Technical Occupations,"62,820",43.18,"89,820"
489,33,New Hampshire,Healthcare Practitioners and Technical Occupations,"39,380",43.63,"90,760"
490,34,New Jersey,Healthcare Practitioners and Technical Occupations,"236,330",45.08,"93,760"
491,35,New Mexico,Healthcare Practitioners and Technical Occupations,"46,930",37.74,"78,500"
492,36,New York,Healthcare Practitioners and Technical Occupations,"545,670",43.53,"90,540"
493,37,North Carolina,Healthcare Practitioners and Technical Occupations,"278,880",36.61,"76,140"
494,38,North Dakota,Healthcare Practitioners and Technical Occupations,"25,810",35.72,"74,290"
495,39,Ohio,Healthcare Practitioners and Technical Occupations,"362,550",37.33,"77,650"
496,40,Oklahoma,Healthcare Practitioners and Technical Occupations,"97,030",33.33,"69,320"
497,41,Oregon,Healthcare Practitioners and Technical Occupations,"102,780",45.64,"94,940"
498,42,Pennsylvania,Healthcare Practitioners and Technical Occupations,"408,340",36.47,"75,860"
499,44,Rhode Island,Healthcare Practitioners and Technical Occupations,"33,110",43.37,"90,220"
500,45,South Carolina,Healthcare Practitioners and Technical Occupations,"125,690",35.12,"73,040"
501,46,South Dakota,Healthcare Practitioners and Technical Occupations,"31,250",34.32,"71,380"
502,47,Tennessee,Healthcare Practitioners and Technical Occupations,"195,400",33.71,"70,110"
503,48,Texas,Healthcare Practitioners and Technical Occupations,"679,150",37.54,"78,070"
504,49,Utah,Healthcare Practitioners and Technical Occupations,"69,840",36.93,"76,810"
505,50,Vermont,Healthcare Practitioners and Technical Occupations,"19,180",39.89,"82,970"
506,51,Virginia,Healthcare Practitioners and Technical Occupations,"210,960",39.35,"81,840"
507,53,Washington,Healthcare Practitioners and Technical Occupations,"165,250",44.16,"91,840"
508,54,West Virginia,Healthcare Practitioners and Technical Occupations,"59,000",32.91,"68,460"
509,55,Wisconsin,Healthcare Practitioners and Technical Occupations,"171,400",38.25,"79,560"
510,56,Wyoming,Healthcare Practitioners and Technical Occupations,"14,690",38.67,"80,430"
511,1,Alabama,Healthcare Support Occupations,"53,630",13.19,"27,440"
512,2,Alaska,Healthcare Support Occupations,"7,900",21.73,"45,190"
513,4,Arizona,Healthcare Support Occupations,"73,620",15.8,"32,860"
514,5,Arkansas,Healthcare Support Occupations,"35,760",13.45,"27,970"
515,6,California,Healthcare Support Occupations,"364,220",18.46,"38,390"
516,8,Colorado,Healthcare Support Occupations,"65,740",17.07,"35,510"
517,9,Connecticut,Healthcare Support Occupations,"50,980",17.3,"35,980"
518,10,Delaware,Healthcare Support Occupations,"12,390",16.26,"33,820"
519,11,District of Columbia,Healthcare Support Occupations,"14,180",16.38,"34,070"
520,12,Florida,Healthcare Support Occupations,"252,750",15.12,"31,440"
521,13,Georgia,Healthcare Support Occupations,"103,640",14.38,"29,910"
522,15,Hawaii,Healthcare Support Occupations,"19,630",17.66,"36,730"
523,16,Idaho,Healthcare Support Occupations,"19,600",14.69,"30,560"
524,17,Illinois,Healthcare Support Occupations,"165,730",15.51,"32,250"
525,18,Indiana,Healthcare Support Occupations,"81,820",14.92,"31,040"
526,19,Iowa,Healthcare Support Occupations,"40,040",15.48,"32,210"
527,20,Kansas,Healthcare Support Occupations,"40,090",14.14,"29,420"
528,21,Kentucky,Healthcare Support Occupations,"52,600",14.6,"30,360"
529,22,Louisiana,Healthcare Support Occupations,"56,780",12.78,"26,580"
530,23,Maine,Healthcare Support Occupations,"21,010",15.43,"32,100"
531,24,Maryland,Healthcare Support Occupations,"74,760",16.46,"34,240"
532,25,Massachusetts,Healthcare Support Occupations,"106,220",17.82,"37,070"
533,26,Michigan,Healthcare Support Occupations,"136,180",15,"31,200"
534,27,Minnesota,Healthcare Support Occupations,"83,380",17.23,"35,840"
535,28,Mississippi,Healthcare Support Occupations,"31,110",12.37,"25,720"
536,29,Missouri,Healthcare Support Occupations,"83,920",14.08,"29,280"
537,30,Montana,Healthcare Support Occupations,"12,900",14.77,"30,720"
538,31,Nebraska,Healthcare Support Occupations,"28,160",14.8,"30,790"
539,32,Nevada,Healthcare Support Occupations,"26,250",17.16,"35,700"
540,33,New Hampshire,Healthcare Support Occupations,"16,020",17.3,"35,980"
541,34,New Jersey,Healthcare Support Occupations,"158,300",15.36,"31,940"
542,35,New Mexico,Healthcare Support Occupations,"25,130",14.31,"29,760"
543,36,New York,Healthcare Support Occupations,"376,080",15.53,"32,310"
544,37,North Carolina,Healthcare Support Occupations,"147,300",13.8,"28,710"
545,38,North Dakota,Healthcare Support Occupations,"11,140",17.03,"35,430"
546,39,Ohio,Healthcare Support Occupations,"188,930",14.27,"29,680"
547,40,Oklahoma,Healthcare Support Occupations,"46,410",14.04,"29,190"
548,41,Oregon,Healthcare Support Occupations,"52,740",17.91,"37,250"
549,42,Pennsylvania,Healthcare Support Occupations,"186,460",15.34,"31,910"
550,44,Rhode Island,Healthcare Support Occupations,"18,100",16.65,"34,630"
551,45,South Carolina,Healthcare Support Occupations,"54,750",13.98,"29,070"
552,46,South Dakota,Healthcare Support Occupations,"11,030",14.23,"29,590"
553,47,Tennessee,Healthcare Support Occupations,"73,460",14.79,"30,770"
554,48,Texas,Healthcare Support Occupations,"313,840",14.7,"30,590"
555,49,Utah,Healthcare Support Occupations,"34,040",14.99,"31,180"
556,50,Vermont,Healthcare Support Occupations,"6,580",16.66,"34,660"
557,51,Virginia,Healthcare Support Occupations,"95,490",15.71,"32,680"
558,53,Washington,Healthcare Support Occupations,"87,340",18.22,"37,900"
559,54,West Virginia,Healthcare Support Occupations,"21,540",13.55,"28,190"
560,55,Wisconsin,Healthcare Support Occupations,"71,290",15.75,"32,760"
561,56,Wyoming,Healthcare Support Occupations,"6,510",15.83,"32,940"
562,1,Alabama,Protective Service Occupations,"44,520",18.49,"38,450"
563,2,Alaska,Protective Service Occupations,"7,900",29.63,"61,630"
564,4,Arizona,Protective Service Occupations,"77,880",22.79,"47,390"
565,5,Arkansas,Protective Service Occupations,"27,470",18.07,"37,590"
566,6,California,Protective Service Occupations,"386,370",29.4,"61,150"
567,8,Colorado,Protective Service Occupations,"59,080",24.04,"50,010"
568,9,Connecticut,Protective Service Occupations,"35,380",26.67,"55,470"
569,10,Delaware,Protective Service Occupations,"9,780",21.58,"44,890"
570,11,District of Columbia,Protective Service Occupations,"27,440",31.28,"65,060"
571,12,Florida,Protective Service Occupations,"235,400",20.82,"43,310"
572,13,Georgia,Protective Service Occupations,"106,440",18.99,"39,510"
573,15,Hawaii,Protective Service Occupations,"20,380",23.96,"49,850"
574,16,Idaho,Protective Service Occupations,"13,330",21.02,"43,720"
575,17,Illinois,Protective Service Occupations,"151,070",25.84,"53,750"
576,18,Indiana,Protective Service Occupations,"59,710",19.99,"41,570"
577,19,Iowa,Protective Service Occupations,"22,830",21.4,"44,520"
578,20,Kansas,Protective Service Occupations,"28,870",19.59,"40,750"
579,21,Kentucky,Protective Service Occupations,"38,420",17.44,"36,270"
580,22,Louisiana,Protective Service Occupations,"57,310",17.88,"37,190"
581,23,Maine,Protective Service Occupations,"11,950",19.92,"41,440"
582,24,Maryland,Protective Service Occupations,"73,200",24.76,"51,500"
583,25,Massachusetts,Protective Service Occupations,"77,220",27.39,"56,970"
584,26,Michigan,Protective Service Occupations,"77,370",20.9,"43,480"
585,27,Minnesota,Protective Service Occupations,"44,390",24.22,"50,380"
586,28,Mississippi,Protective Service Occupations,"32,290",15.9,"33,080"
587,29,Missouri,Protective Service Occupations,"59,880",20.91,"43,480"
588,30,Montana,Protective Service Occupations,"7,900",22.08,"45,930"
589,31,Nebraska,Protective Service Occupations,"16,260",21.5,"44,710"
590,32,Nevada,Protective Service Occupations,"42,650",21.42,"44,550"
591,33,New Hampshire,Protective Service Occupations,"11,710",24.3,"50,550"
592,34,New Jersey,Protective Service Occupations,"109,980",27.68,"57,570"
593,35,New Mexico,Protective Service Occupations,"25,660",20.28,"42,190"
594,36,New York,Protective Service Occupations,"313,240",26.38,"54,870"
595,37,North Carolina,Protective Service Occupations,"100,080",19.17,"39,870"
596,38,North Dakota,Protective Service Occupations,"6,760",22.92,"47,680"
597,39,Ohio,Protective Service Occupations,"119,660",21.45,"44,620"
598,40,Oklahoma,Protective Service Occupations,"36,310",19.89,"41,360"
599,41,Oregon,Protective Service Occupations,"32,850",25,"52,000"
600,42,Pennsylvania,Protective Service Occupations,"129,090",22.05,"45,870"
601,44,Rhode Island,Protective Service Occupations,"12,490",24.04,"50,000"
602,45,South Carolina,Protective Service Occupations,"47,820",18.59,"38,670"
603,46,South Dakota,Protective Service Occupations,"6,630",20.11,"41,820"
604,47,Tennessee,Protective Service Occupations,"70,840",18.87,"39,240"
605,48,Texas,Protective Service Occupations,"291,740",22.04,"45,840"
606,49,Utah,Protective Service Occupations,"22,540",20.37,"42,370"
607,50,Vermont,Protective Service Occupations,"5,400",21.64,"45,020"
608,51,Virginia,Protective Service Occupations,"103,270",23.02,"47,880"
609,53,Washington,Protective Service Occupations,"66,080",28.53,"59,340"
610,54,West Virginia,Protective Service Occupations,"14,780",17.61,"36,620"
611,55,Wisconsin,Protective Service Occupations,"51,900",21.47,"44,650"
612,56,Wyoming,Protective Service Occupations,"5,900",21.89,"45,520"
613,1,Alabama,Food Preparation and Serving Related Occupations,"178,590",10.28,"21,380"
614,2,Alaska,Food Preparation and Serving Related Occupations,"27,030",13.84,"28,780"
615,4,Arizona,Food Preparation and Serving Related Occupations,"264,850",13.21,"27,470"
616,5,Arkansas,Food Preparation and Serving Related Occupations,"108,860",10.52,"21,880"
617,6,California,Food Preparation and Serving Related Occupations,"1,594,570",13.91,"28,930"
618,8,Colorado,Food Preparation and Serving Related Occupations,"255,250",13.12,"27,300"
619,9,Connecticut,Food Preparation and Serving Related Occupations,"138,740",13.85,"28,810"
620,10,Delaware,Food Preparation and Serving Related Occupations,"43,390",12.13,"25,230"
621,11,District of Columbia,Food Preparation and Serving Related Occupations,"59,210",18.02,"37,480"
622,12,Florida,Food Preparation and Serving Related Occupations,"933,780",12.25,"25,470"
623,13,Georgia,Food Preparation and Serving Related Occupations,"418,900",10.35,"21,520"
624,15,Hawaii,Food Preparation and Serving Related Occupations,"85,770",17.94,"37,320"
625,16,Idaho,Food Preparation and Serving Related Occupations,"63,620",10.68,"22,210"
626,17,Illinois,Food Preparation and Serving Related Occupations,"506,720",11.75,"24,440"
627,18,Indiana,Food Preparation and Serving Related Occupations,"280,950",10.71,"22,280"
628,19,Iowa,Food Preparation and Serving Related Occupations,"132,460",11.07,"23,020"
629,20,Kansas,Food Preparation and Serving Related Occupations,"122,590",10.45,"21,740"
630,21,Kentucky,Food Preparation and Serving Related Occupations,"177,500",10.31,"21,450"
631,22,Louisiana,Food Preparation and Serving Related Occupations,"188,490",10.09,"20,980"
632,23,Maine,Food Preparation and Serving Related Occupations,"56,960",12.97,"26,970"
633,24,Maryland,Food Preparation and Serving Related Occupations,"225,040",12.54,"26,090"
634,25,Massachusetts,Food Preparation and Serving Related Occupations,"307,710",14.89,"30,960"
635,26,Michigan,Food Preparation and Serving Related Occupations,"392,990",11.7,"24,340"
636,27,Minnesota,Food Preparation and Serving Related Occupations,"242,170",12.87,"26,770"
637,28,Mississippi,Food Preparation and Serving Related Occupations,"102,770",10.16,"21,130"
638,29,Missouri,Food Preparation and Serving Related Occupations,"264,450",11.18,"23,250"
639,30,Montana,Food Preparation and Serving Related Occupations,"51,120",11.32,"23,550"
640,31,Nebraska,Food Preparation and Serving Related Occupations,"82,880",11.91,"24,780"
641,32,Nevada,Food Preparation and Serving Related Occupations,"188,280",12.92,"26,880"
642,33,New Hampshire,Food Preparation and Serving Related Occupations,"58,500",12.31,"25,600"
643,34,New Jersey,Food Preparation and Serving Related Occupations,"307,540",13.13,"27,300"
644,35,New Mexico,Food Preparation and Serving Related Occupations,"83,420",10.6,"22,060"
645,36,New York,Food Preparation and Serving Related Occupations,"773,400",14.91,"31,000"
646,37,North Carolina,Food Preparation and Serving Related Occupations,"426,490",10.94,"22,760"
647,38,North Dakota,Food Preparation and Serving Related Occupations,"34,800",12.15,"25,270"
648,39,Ohio,Food Preparation and Serving Related Occupations,"505,450",11.11,"23,100"
649,40,Oklahoma,Food Preparation and Serving Related Occupations,"158,940",10.31,"21,450"
650,41,Oregon,Food Preparation and Serving Related Occupations,"183,200",13.31,"27,690"
651,42,Pennsylvania,Food Preparation and Serving Related Occupations,"505,080",11.73,"24,400"
652,44,Rhode Island,Food Preparation and Serving Related Occupations,"49,510",13.59,"28,260"
653,45,South Carolina,Food Preparation and Serving Related Occupations,"209,530",10.53,"21,910"
654,46,South Dakota,Food Preparation and Serving Related Occupations,"41,760",11.16,"23,210"
655,47,Tennessee,Food Preparation and Serving Related Occupations,"277,940",10.53,"21,900"
656,48,Texas,Food Preparation and Serving Related Occupations,"1,161,420",11.47,"23,860"
657,49,Utah,Food Preparation and Serving Related Occupations,"111,300",11.32,"23,540"
658,50,Vermont,Food Preparation and Serving Related Occupations,"26,560",15.07,"31,330"
659,51,Virginia,Food Preparation and Serving Related Occupations,"335,430",11.67,"24,280"
660,53,Washington,Food Preparation and Serving Related Occupations,"294,260",15.23,"31,670"
661,54,West Virginia,Food Preparation and Serving Related Occupations,"63,300",10.98,"22,840"
662,55,Wisconsin,Food Preparation and Serving Related Occupations,"245,820",11.19,"23,270"
663,56,Wyoming,Food Preparation and Serving Related Occupations,"25,310",11.98,"24,920"
664,1,Alabama,Building and Grounds Cleaning and Maintenance Occupations,"58,310",12.29,"25,560"
665,2,Alaska,Building and Grounds Cleaning and Maintenance Occupations,"9,580",16.96,"35,280"
666,4,Arizona,Building and Grounds Cleaning and Maintenance Occupations,"84,740",13.55,"28,180"
667,5,Arkansas,Building and Grounds Cleaning and Maintenance Occupations,"34,610",11.92,"24,800"
668,6,California,Building and Grounds Cleaning and Maintenance Occupations,"481,580",16.6,"34,530"
669,8,Colorado,Building and Grounds Cleaning and Maintenance Occupations,"83,120",15.01,"31,220"
670,9,Connecticut,Building and Grounds Cleaning and Maintenance Occupations,"56,620",16.93,"35,210"
671,10,Delaware,Building and Grounds Cleaning and Maintenance Occupations,"15,980",14.46,"30,080"
672,11,District of Columbia,Building and Grounds Cleaning and Maintenance Occupations,"22,700",16.91,"35,180"
673,12,Florida,Building and Grounds Cleaning and Maintenance Occupations,"329,130",13.01,"27,060"
674,13,Georgia,Building and Grounds Cleaning and Maintenance Occupations,"112,340",12.69,"26,400"
675,15,Hawaii,Building and Grounds Cleaning and Maintenance Occupations,"37,720",17.18,"35,730"
676,16,Idaho,Building and Grounds Cleaning and Maintenance Occupations,"23,650",13.36,"27,780"
677,17,Illinois,Building and Grounds Cleaning and Maintenance Occupations,"165,460",15,"31,190"
678,18,Indiana,Building and Grounds Cleaning and Maintenance Occupations,"85,850",13.26,"27,570"
679,19,Iowa,Building and Grounds Cleaning and Maintenance Occupations,"47,000",13.75,"28,610"
680,20,Kansas,Building and Grounds Cleaning and Maintenance Occupations,"40,390",13.37,"27,800"
681,21,Kentucky,Building and Grounds Cleaning and Maintenance Occupations,"50,390",12.91,"26,850"
682,22,Louisiana,Building and Grounds Cleaning and Maintenance Occupations,"57,050",11.36,"23,620"
683,23,Maine,Building and Grounds Cleaning and Maintenance Occupations,"22,190",14.56,"30,280"
684,24,Maryland,Building and Grounds Cleaning and Maintenance Occupations,"85,930",14.81,"30,810"
685,25,Massachusetts,Building and Grounds Cleaning and Maintenance Occupations,"105,470",17.74,"36,900"
686,26,Michigan,Building and Grounds Cleaning and Maintenance Occupations,"124,690",13.76,"28,630"
687,27,Minnesota,Building and Grounds Cleaning and Maintenance Occupations,"85,820",15.85,"32,970"
688,28,Mississippi,Building and Grounds Cleaning and Maintenance Occupations,"35,550",11.34,"23,600"
689,29,Missouri,Building and Grounds Cleaning and Maintenance Occupations,"86,410",13.59,"28,280"
690,30,Montana,Building and Grounds Cleaning and Maintenance Occupations,"19,970",14.16,"29,450"
691,31,Nebraska,Building and Grounds Cleaning and Maintenance Occupations,"28,720",13.85,"28,800"
692,32,Nevada,Building and Grounds Cleaning and Maintenance Occupations,"70,830",15.11,"31,420"
693,33,New Hampshire,Building and Grounds Cleaning and Maintenance Occupations,"21,440",15.05,"31,300"
694,34,New Jersey,Building and Grounds Cleaning and Maintenance Occupations,"126,130",15.49,"32,220"
695,35,New Mexico,Building and Grounds Cleaning and Maintenance Occupations,"25,320",12.41,"25,810"
696,36,New York,Building and Grounds Cleaning and Maintenance Occupations,"310,580",17.54,"36,470"
697,37,North Carolina,Building and Grounds Cleaning and Maintenance Occupations,"133,890",12.6,"26,200"
698,38,North Dakota,Building and Grounds Cleaning and Maintenance Occupations,"13,980",15.35,"31,930"
699,39,Ohio,Building and Grounds Cleaning and Maintenance Occupations,"157,240",13.68,"28,460"
700,40,Oklahoma,Building and Grounds Cleaning and Maintenance Occupations,"43,990",12.06,"25,090"
701,41,Oregon,Building and Grounds Cleaning and Maintenance Occupations,"55,190",14.95,"31,100"
702,42,Pennsylvania,Building and Grounds Cleaning and Maintenance Occupations,"168,930",14.07,"29,260"
703,44,Rhode Island,Building and Grounds Cleaning and Maintenance Occupations,"15,600",15.79,"32,850"
704,45,South Carolina,Building and Grounds Cleaning and Maintenance Occupations,"70,960",12.1,"25,170"
705,46,South Dakota,Building and Grounds Cleaning and Maintenance Occupations,"16,750",12.83,"26,680"
706,47,Tennessee,Building and Grounds Cleaning and Maintenance Occupations,"81,360",12.62,"26,240"
707,48,Texas,Building and Grounds Cleaning and Maintenance Occupations,"334,620",12.6,"26,200"
708,49,Utah,Building and Grounds Cleaning and Maintenance Occupations,"44,540",13.14,"27,330"
709,50,Vermont,Building and Grounds Cleaning and Maintenance Occupations,"10,530",15.57,"32,390"
710,51,Virginia,Building and Grounds Cleaning and Maintenance Occupations,"126,180",13.49,"28,060"
711,53,Washington,Building and Grounds Cleaning and Maintenance Occupations,"89,490",16.94,"35,230"
712,54,West Virginia,Building and Grounds Cleaning and Maintenance Occupations,"20,620",12.5,"26,000"
713,55,Wisconsin,Building and Grounds Cleaning and Maintenance Occupations,"81,710",13.99,"29,090"
714,56,Wyoming,Building and Grounds Cleaning and Maintenance Occupations,"11,120",14.39,"29,920"
715,1,Alabama,Personal Care and Service Occupations,"49,460",11.17,"23,220"
716,2,Alaska,Personal Care and Service Occupations,"12,610",15.94,"33,150"
717,4,Arizona,Personal Care and Service Occupations,"112,180",13.28,"27,610"
718,5,Arkansas,Personal Care and Service Occupations,"35,930",11.26,"23,410"
719,6,California,Personal Care and Service Occupations,"953,830",14.3,"29,750"
720,8,Colorado,Personal Care and Service Occupations,"93,270",15.01,"31,220"
721,9,Connecticut,Personal Care and Service Occupations,"70,430",15.32,"31,870"
722,10,Delaware,Personal Care and Service Occupations,"15,570",13.52,"28,130"
723,11,District of Columbia,Personal Care and Service Occupations,"15,930",17.46,"36,310"
724,12,Florida,Personal Care and Service Occupations,"249,900",13.31,"27,680"
725,13,Georgia,Personal Care and Service Occupations,"108,110",12.52,"26,040"
726,15,Hawaii,Personal Care and Service Occupations,"23,390",15.66,"32,580"
727,16,Idaho,Personal Care and Service Occupations,"24,200",12.21,"25,390"
728,17,Illinois,Personal Care and Service Occupations,"169,260",13.76,"28,610"
729,18,Indiana,Personal Care and Service Occupations,"81,330",12,"24,960"
730,19,Iowa,Personal Care and Service Occupations,"52,570",12.71,"26,430"
731,20,Kansas,Personal Care and Service Occupations,"50,270",11.91,"24,780"
732,21,Kentucky,Personal Care and Service Occupations,"57,070",12.62,"26,240"
733,22,Louisiana,Personal Care and Service Occupations,"73,430",10.77,"22,400"
734,23,Maine,Personal Care and Service Occupations,"26,850",13.39,"27,840"
735,24,Maryland,Personal Care and Service Occupations,"92,370",14.44,"30,030"
736,25,Massachusetts,Personal Care and Service Occupations,"161,500",16.32,"33,950"
737,26,Michigan,Personal Care and Service Occupations,"129,640",12.99,"27,020"
738,27,Minnesota,Personal Care and Service Occupations,"144,070",13.72,"28,530"
739,28,Mississippi,Personal Care and Service Occupations,"32,980",11.22,"23,350"
740,29,Missouri,Personal Care and Service Occupations,"120,090",12.05,"25,070"
741,30,Montana,Personal Care and Service Occupations,"15,730",12.64,"26,300"
742,31,Nebraska,Personal Care and Service Occupations,"29,960",13.24,"27,540"
743,32,Nevada,Personal Care and Service Occupations,"80,650",13.24,"27,540"
744,33,New Hampshire,Personal Care and Service Occupations,"23,710",13.97,"29,060"
745,34,New Jersey,Personal Care and Service Occupations,"121,810",15.65,"32,540"
746,35,New Mexico,Personal Care and Service Occupations,"43,250",11.21,"23,320"
747,36,New York,Personal Care and Service Occupations,"454,170",15.31,"31,830"
748,37,North Carolina,Personal Care and Service Occupations,"121,590",12.46,"25,930"
749,38,North Dakota,Personal Care and Service Occupations,"18,410",14.86,"30,920"
750,39,Ohio,Personal Care and Service Occupations,"145,460",12.48,"25,960"
751,40,Oklahoma,Personal Care and Service Occupations,"43,020",11.38,"23,670"
752,41,Oregon,Personal Care and Service Occupations,"84,780",14.17,"29,470"
753,42,Pennsylvania,Personal Care and Service Occupations,"265,740",12.65,"26,320"
754,44,Rhode Island,Personal Care and Service Occupations,"17,590",14.39,"29,930"
755,45,South Carolina,Personal Care and Service Occupations,"59,510",11.64,"24,210"
756,46,South Dakota,Personal Care and Service Occupations,"14,700",12.58,"26,160"
757,47,Tennessee,Personal Care and Service Occupations,"79,870",12.04,"25,040"
758,48,Texas,Personal Care and Service Occupations,"416,030",11.3,"23,500"
759,49,Utah,Personal Care and Service Occupations,"45,320",12.76,"26,550"
760,50,Vermont,Personal Care and Service Occupations,"13,630",15.63,"32,520"
761,51,Virginia,Personal Care and Service Occupations,"126,720",13.26,"27,580"
762,53,Washington,Personal Care and Service Occupations,"120,640",16.49,"34,290"
763,54,West Virginia,Personal Care and Service Occupations,"27,110",11.18,"23,260"
764,55,Wisconsin,Personal Care and Service Occupations,"117,390",12.49,"25,990"
765,56,Wyoming,Personal Care and Service Occupations,"8,300",13.81,"28,730"
766,1,Alabama,Sales and Related Occupations,"211,600",16.92,"35,190"
767,2,Alaska,Sales and Related Occupations,"25,910",18.02,"37,490"
768,4,Arizona,Sales and Related Occupations,"289,090",18.5,"38,480"
769,5,Arkansas,Sales and Related Occupations,"125,230",16.42,"34,160"
770,6,California,Sales and Related Occupations,"1,634,110",21.67,"45,070"
771,8,Colorado,Sales and Related Occupations,"291,900",23.01,"47,850"
772,9,Connecticut,Sales and Related Occupations,"160,550",22.81,"47,440"
773,10,Delaware,Sales and Related Occupations,"48,190",18.77,"39,040"
774,11,District of Columbia,Sales and Related Occupations,"26,740",25.25,"52,510"
775,12,Florida,Sales and Related Occupations,"1,058,680",18.59,"38,660"
776,13,Georgia,Sales and Related Occupations,"472,320",18.16,"37,770"
777,15,Hawaii,Sales and Related Occupations,"63,240",18.46,"38,400"
778,16,Idaho,Sales and Related Occupations,"71,880",17.21,"35,790"
779,17,Illinois,Sales and Related Occupations,"577,930",20.53,"42,700"
780,18,Indiana,Sales and Related Occupations,"286,330",19,"39,520"
781,19,Iowa,Sales and Related Occupations,"154,650",17.33,"36,040"
782,20,Kansas,Sales and Related Occupations,"127,920",18.96,"39,430"
783,21,Kentucky,Sales and Related Occupations,"178,080",16.58,"34,480"
784,22,Louisiana,Sales and Related Occupations,"207,300",15.62,"32,500"
785,23,Maine,Sales and Related Occupations,"57,760",17.55,"36,500"
786,24,Maryland,Sales and Related Occupations,"262,320",20.47,"42,570"
787,25,Massachusetts,Sales and Related Occupations,"317,270",23.52,"48,930"
788,26,Michigan,Sales and Related Occupations,"415,460",19.62,"40,810"
789,27,Minnesota,Sales and Related Occupations,"277,070",21.07,"43,830"
790,28,Mississippi,Sales and Related Occupations,"115,820",14.61,"30,380"
791,29,Missouri,Sales and Related Occupations,"277,800",18.44,"38,360"
792,30,Montana,Sales and Related Occupations,"48,710",17.32,"36,020"
793,31,Nebraska,Sales and Related Occupations,"95,410",18.45,"38,380"
794,32,Nevada,Sales and Related Occupations,"140,120",17.67,"36,750"
795,33,New Hampshire,Sales and Related Occupations,"77,030",19.83,"41,250"
796,34,New Jersey,Sales and Related Occupations,"408,780",22.3,"46,390"
797,35,New Mexico,Sales and Related Occupations,"78,410",15.97,"33,220"
798,36,New York,Sales and Related Occupations,"923,140",26.06,"54,200"
799,37,North Carolina,Sales and Related Occupations,"472,380",19.48,"40,520"
800,38,North Dakota,Sales and Related Occupations,"38,580",19.56,"40,680"
801,39,Ohio,Sales and Related Occupations,"515,320",19.3,"40,140"
802,40,Oklahoma,Sales and Related Occupations,"162,690",17.51,"36,410"
803,41,Oregon,Sales and Related Occupations,"180,430",19.48,"40,520"
804,42,Pennsylvania,Sales and Related Occupations,"553,470",20.03,"41,670"
805,44,Rhode Island,Sales and Related Occupations,"46,230",21.54,"44,800"
806,45,South Carolina,Sales and Related Occupations,"227,570",16.63,"34,590"
807,46,South Dakota,Sales and Related Occupations,"46,820",18.57,"38,620"
808,47,Tennessee,Sales and Related Occupations,"287,500",18.03,"37,500"
809,48,Texas,Sales and Related Occupations,"1,276,460",20.22,"42,070"
810,49,Utah,Sales and Related Occupations,"139,980",18.84,"39,180"
811,50,Vermont,Sales and Related Occupations,"28,250",19.38,"40,300"
812,51,Virginia,Sales and Related Occupations,"397,690",19.78,"41,140"
813,53,Washington,Sales and Related Occupations,"307,380",22.25,"46,280"
814,54,West Virginia,Sales and Related Occupations,"67,260",14.74,"30,650"
815,55,Wisconsin,Sales and Related Occupations,"263,570",19.5,"40,560"
816,56,Wyoming,Sales and Related Occupations,"23,920",17.03,"35,410"
817,1,Alabama,Office and Administrative Support Occupations,"280,290",16.74,"34,810"
818,2,Alaska,Office and Administrative Support Occupations,"51,950",21.49,"44,690"
819,4,Arizona,Office and Administrative Support Occupations,"472,350",18.27,"37,990"
820,5,Arkansas,Office and Administrative Support Occupations,"170,230",16.16,"33,610"
821,6,California,Office and Administrative Support Occupations,"2,438,780",20.79,"43,240"
822,8,Colorado,Office and Administrative Support Occupations,"361,390",19.68,"40,930"
823,9,Connecticut,Office and Administrative Support Occupations,"254,600",21.61,"44,940"
824,10,Delaware,Office and Administrative Support Occupations,"71,050",19.12,"39,770"
825,11,District of Columbia,Office and Administrative Support Occupations,"77,550",25.82,"53,710"
826,12,Florida,Office and Administrative Support Occupations,"1,452,150",17.39,"36,170"
827,13,Georgia,Office and Administrative Support Occupations,"643,490",17.63,"36,670"
828,15,Hawaii,Office and Administrative Support Occupations,"89,730",19.61,"40,800"
829,16,Idaho,Office and Administrative Support Occupations,"106,040",16.67,"34,670"
830,17,Illinois,Office and Administrative Support Occupations,"890,740",18.88,"39,280"
831,18,Indiana,Office and Administrative Support Occupations,"420,780",17.36,"36,110"
832,19,Iowa,Office and Administrative Support Occupations,"217,850",18.04,"37,520"
833,20,Kansas,Office and Administrative Support Occupations,"219,120",17.11,"35,580"
834,21,Kentucky,Office and Administrative Support Occupations,"288,350",16.43,"34,170"
835,22,Louisiana,Office and Administrative Support Occupations,"264,850",16.05,"33,380"
836,23,Maine,Office and Administrative Support Occupations,"92,250",17.51,"36,420"
837,24,Maryland,Office and Administrative Support Occupations,"389,220",19.93,"41,460"
838,25,Massachusetts,Office and Administrative Support Occupations,"496,690",21.65,"45,040"
839,26,Michigan,Office and Administrative Support Occupations,"612,950",18.04,"37,530"
840,27,Minnesota,Office and Administrative Support Occupations,"405,970",19.76,"41,110"
841,28,Mississippi,Office and Administrative Support Occupations,"163,150",15.61,"32,480"
842,29,Missouri,Office and Administrative Support Occupations,"440,920",17.61,"36,640"
843,30,Montana,Office and Administrative Support Occupations,"67,840",16.82,"34,990"
844,31,Nebraska,Office and Administrative Support Occupations,"150,090",17.49,"36,390"
845,32,Nevada,Office and Administrative Support Occupations,"204,430",17.69,"36,780"
846,33,New Hampshire,Office and Administrative Support Occupations,"107,820",18.93,"39,370"
847,34,New Jersey,Office and Administrative Support Occupations,"644,040",20.05,"41,700"
848,35,New Mexico,Office and Administrative Support Occupations,"125,850",16.95,"35,250"
849,36,New York,Office and Administrative Support Occupations,"1,480,630",21.28,"44,250"
850,37,North Carolina,Office and Administrative Support Occupations,"629,880",17.57,"36,540"
851,38,North Dakota,Office and Administrative Support Occupations,"56,770",18.74,"38,980"
852,39,Ohio,Office and Administrative Support Occupations,"815,630",17.95,"37,340"
853,40,Oklahoma,Office and Administrative Support Occupations,"254,090",17.01,"35,390"
854,41,Oregon,Office and Administrative Support Occupations,"275,850",18.96,"39,440"
855,42,Pennsylvania,Office and Administrative Support Occupations,"928,440",18.36,"38,190"
856,44,Rhode Island,Office and Administrative Support Occupations,"72,280",19.93,"41,460"
857,45,South Carolina,Office and Administrative Support Occupations,"304,960",16.81,"34,970"
858,46,South Dakota,Office and Administrative Support Occupations,"63,050",15.48,"32,210"
859,47,Tennessee,Office and Administrative Support Occupations,"468,630",17.41,"36,220"
860,48,Texas,Office and Administrative Support Occupations,"1,994,750",18.03,"37,500"
861,49,Utah,Office and Administrative Support Occupations,"239,340",17.13,"35,640"
862,50,Vermont,Office and Administrative Support Occupations,"40,650",19.23,"39,990"
863,51,Virginia,Office and Administrative Support Occupations,"541,670",18.77,"39,030"
864,53,Washington,Office and Administrative Support Occupations,"442,170",20.9,"43,470"
865,54,West Virginia,Office and Administrative Support Occupations,"104,270",15.91,"33,090"
866,55,Wisconsin,Office and Administrative Support Occupations,"409,200",17.88,"37,200"
867,56,Wyoming,Office and Administrative Support Occupations,"34,250",17.91,"37,250"
868,1,Alabama,"Farming, Fishing, and Forestry Occupations","5,800",16.85,"35,050"
869,2,Alaska,"Farming, Fishing, and Forestry Occupations",530,22.15,"46,080"
870,4,Arizona,"Farming, Fishing, and Forestry Occupations","12,150",13.14,"27,330"
871,5,Arkansas,"Farming, Fishing, and Forestry Occupations","6,280",15.59,"32,420"
872,6,California,"Farming, Fishing, and Forestry Occupations","227,470",13.23,"27,520"
873,8,Colorado,"Farming, Fishing, and Forestry Occupations","7,050",15.6,"32,450"
874,9,Connecticut,"Farming, Fishing, and Forestry Occupations","1,180",16.74,"34,830"
875,10,Delaware,"Farming, Fishing, and Forestry Occupations",930,17.26,"35,910"
876,11,District of Columbia,"Farming, Fishing, and Forestry Occupations",240,22.58,"46,970"
877,12,Florida,"Farming, Fishing, and Forestry Occupations","18,420",14.11,"29,350"
878,13,Georgia,"Farming, Fishing, and Forestry Occupations","11,350",14.55,"30,260"
879,15,Hawaii,"Farming, Fishing, and Forestry Occupations","1,000",18.6,"38,690"
880,16,Idaho,"Farming, Fishing, and Forestry Occupations","6,380",15.38,"32,000"
881,17,Illinois,"Farming, Fishing, and Forestry Occupations","5,600",16.17,"33,640"
882,18,Indiana,"Farming, Fishing, and Forestry Occupations","3,710",14.83,"30,850"
883,19,Iowa,"Farming, Fishing, and Forestry Occupations","5,680",16.96,"35,270"
884,20,Kansas,"Farming, Fishing, and Forestry Occupations","3,820",16.25,"33,790"
885,21,Kentucky,"Farming, Fishing, and Forestry Occupations","4,390",14.56,"30,280"
886,22,Louisiana,"Farming, Fishing, and Forestry Occupations","4,670",17.59,"36,590"
887,23,Maine,"Farming, Fishing, and Forestry Occupations","1,640",17.54,"36,470"
888,24,Maryland,"Farming, Fishing, and Forestry Occupations","2,620",17.3,"35,980"
889,25,Massachusetts,"Farming, Fishing, and Forestry Occupations","1,890",17.81,"37,040"
890,26,Michigan,"Farming, Fishing, and Forestry Occupations","6,100",14.94,"31,070"
891,27,Minnesota,"Farming, Fishing, and Forestry Occupations","3,980",17.46,"36,310"
892,28,Mississippi,"Farming, Fishing, and Forestry Occupations","4,800",17.64,"36,690"
893,29,Missouri,"Farming, Fishing, and Forestry Occupations","4,930",15.98,"33,230"
894,30,Montana,"Farming, Fishing, and Forestry Occupations","1,910",15.75,"32,760"
895,31,Nebraska,"Farming, Fishing, and Forestry Occupations","3,450",17,"35,360"
896,32,Nevada,"Farming, Fishing, and Forestry Occupations",750,15.5,"32,240"
897,33,New Hampshire,"Farming, Fishing, and Forestry Occupations",760,17.01,"35,390"
898,34,New Jersey,"Farming, Fishing, and Forestry Occupations","3,680",14.74,"30,660"
899,35,New Mexico,"Farming, Fishing, and Forestry Occupations","2,810",12.25,"25,470"
900,36,New York,"Farming, Fishing, and Forestry Occupations","5,260",18.05,"37,540"
901,37,North Carolina,"Farming, Fishing, and Forestry Occupations","8,540",16.03,"33,330"
902,38,North Dakota,"Farming, Fishing, and Forestry Occupations","1,040",17.56,"36,530"
903,39,Ohio,"Farming, Fishing, and Forestry Occupations","5,060",15.57,"32,390"
904,40,Oklahoma,"Farming, Fishing, and Forestry Occupations","3,160",15.21,"31,630"
905,41,Oregon,"Farming, Fishing, and Forestry Occupations","13,220",16.7,"34,730"
906,42,Pennsylvania,"Farming, Fishing, and Forestry Occupations","7,200",15.96,"33,200"
907,44,Rhode Island,"Farming, Fishing, and Forestry Occupations",100,16.95,"35,250"
908,45,South Carolina,"Farming, Fishing, and Forestry Occupations","4,060",17.45,"36,300"
909,46,South Dakota,"Farming, Fishing, and Forestry Occupations","1,620",15.08,"31,360"
910,47,Tennessee,"Farming, Fishing, and Forestry Occupations","4,980",15.1,"31,410"
911,48,Texas,"Farming, Fishing, and Forestry Occupations","23,640",13.62,"28,320"
912,49,Utah,"Farming, Fishing, and Forestry Occupations","1,250",14.84,"30,870"
913,50,Vermont,"Farming, Fishing, and Forestry Occupations","1,410",16.91,"35,180"
914,51,Virginia,"Farming, Fishing, and Forestry Occupations","5,830",17.42,"36,230"
915,53,Washington,"Farming, Fishing, and Forestry Occupations","20,270",16.46,"34,240"
916,54,West Virginia,"Farming, Fishing, and Forestry Occupations","1,370",15.44,"32,110"
917,55,Wisconsin,"Farming, Fishing, and Forestry Occupations","5,610",16.27,"33,840"
918,56,Wyoming,"Farming, Fishing, and Forestry Occupations",540,15.68,"32,620"
919,1,Alabama,Construction and Extraction Occupations,"77,840",20.35,"42,330"
920,2,Alaska,Construction and Extraction Occupations,"17,620",31.61,"65,750"
921,4,Arizona,Construction and Extraction Occupations,"124,470",21.7,"45,130"
922,5,Arkansas,Construction and Extraction Occupations,"45,190",18.64,"38,760"
923,6,California,Construction and Extraction Occupations,"658,360",28.67,"59,630"
924,8,Colorado,Construction and Extraction Occupations,"140,690",24.03,"49,990"
925,9,Connecticut,Construction and Extraction Occupations,"50,310",28.34,"58,950"
926,10,Delaware,Construction and Extraction Occupations,"16,420",24.72,"51,410"
927,11,District of Columbia,Construction and Extraction Occupations,"13,600",27.06,"56,290"
928,12,Florida,Construction and Extraction Occupations,"393,030",19.69,"40,940"
929,13,Georgia,Construction and Extraction Occupations,"147,410",20.71,"43,080"
930,15,Hawaii,Construction and Extraction Occupations,"31,940",33.04,"68,730"
931,16,Idaho,Construction and Extraction Occupations,"41,250",20.31,"42,250"
932,17,Illinois,Construction and Extraction Occupations,"183,960",32.23,"67,050"
933,18,Indiana,Construction and Extraction Occupations,"121,940",24.19,"50,310"
934,19,Iowa,Construction and Extraction Occupations,"66,840",22.44,"46,670"
935,20,Kansas,Construction and Extraction Occupations,"57,550",21.78,"45,310"
936,21,Kentucky,Construction and Extraction Occupations,"70,900",22.6,"47,020"
937,22,Louisiana,Construction and Extraction Occupations,"127,740",22.26,"46,310"
938,23,Maine,Construction and Extraction Occupations,"26,140",20.91,"43,490"
939,24,Maryland,Construction and Extraction Occupations,"118,520",24.36,"50,670"
940,25,Massachusetts,Construction and Extraction Occupations,"128,570",30.62,"63,700"
941,26,Michigan,Construction and Extraction Occupations,"142,820",24.67,"51,310"
942,27,Minnesota,Construction and Extraction Occupations,"100,510",28.63,"59,550"
943,28,Mississippi,Construction and Extraction Occupations,"41,250",19.24,"40,030"
944,29,Missouri,Construction and Extraction Occupations,"107,240",25.76,"53,590"
945,30,Montana,Construction and Extraction Occupations,"28,300",23.56,"49,010"
946,31,Nebraska,Construction and Extraction Occupations,"43,840",21.33,"44,360"
947,32,Nevada,Construction and Extraction Occupations,"73,650",24.5,"50,960"
948,33,New Hampshire,Construction and Extraction Occupations,"22,000",23.27,"48,390"
949,34,New Jersey,Construction and Extraction Occupations,"121,250",29.92,"62,240"
950,35,New Mexico,Construction and Extraction Occupations,"53,440",21.32,"44,350"
951,36,New York,Construction and Extraction Occupations,"346,320",31.14,"64,770"
952,37,North Carolina,Construction and Extraction Occupations,"167,930",19.7,"40,970"
953,38,North Dakota,Construction and Extraction Occupations,"33,270",26.68,"55,500"
954,39,Ohio,Construction and Extraction Occupations,"187,630",24.28,"50,500"
955,40,Oklahoma,Construction and Extraction Occupations,"85,600",21.72,"45,170"
956,41,Oregon,Construction and Extraction Occupations,"82,790",26.08,"54,240"
957,42,Pennsylvania,Construction and Extraction Occupations,"221,610",25.52,"53,070"
958,44,Rhode Island,Construction and Extraction Occupations,"16,750",26.09,"54,260"
959,45,South Carolina,Construction and Extraction Occupations,"83,040",19.82,"41,220"
960,46,South Dakota,Construction and Extraction Occupations,"22,060",19.13,"39,790"
961,47,Tennessee,Construction and Extraction Occupations,"96,050",20.09,"41,790"
962,48,Texas,Construction and Extraction Occupations,"629,030",21.4,"44,510"
963,49,Utah,Construction and Extraction Occupations,"87,750",21.83,"45,400"
964,50,Vermont,Construction and Extraction Occupations,"13,420",22.18,"46,130"
965,51,Virginia,Construction and Extraction Occupations,"158,230",21.89,"45,530"
966,53,Washington,Construction and Extraction Occupations,"161,140",29.23,"60,810"
967,54,West Virginia,Construction and Extraction Occupations,"43,440",23.31,"48,490"
968,55,Wisconsin,Construction and Extraction Occupations,"105,160",25.9,"53,870"
969,56,Wyoming,Construction and Extraction Occupations,"26,820",25.16,"52,340"
970,1,Alabama,"Installation, Maintenance, and Repair Occupations","93,170",22.17,"46,120"
971,2,Alaska,"Installation, Maintenance, and Repair Occupations","17,460",29.47,"61,300"
972,4,Arizona,"Installation, Maintenance, and Repair Occupations","113,160",22.49,"46,790"
973,5,Arkansas,"Installation, Maintenance, and Repair Occupations","56,970",20.5,"42,640"
974,6,California,"Installation, Maintenance, and Repair Occupations","530,320",26.13,"54,360"
975,8,Colorado,"Installation, Maintenance, and Repair Occupations","101,450",24.75,"51,480"
976,9,Connecticut,"Installation, Maintenance, and Repair Occupations","54,330",27.15,"56,470"
977,10,Delaware,"Installation, Maintenance, and Repair Occupations","16,850",24.65,"51,260"
978,11,District of Columbia,"Installation, Maintenance, and Repair Occupations","9,640",28.85,"60,000"
979,12,Florida,"Installation, Maintenance, and Repair Occupations","359,250",20.84,"43,340"
980,13,Georgia,"Installation, Maintenance, and Repair Occupations","182,390",22.47,"46,730"
981,15,Hawaii,"Installation, Maintenance, and Repair Occupations","25,220",27.12,"56,410"
982,16,Idaho,"Installation, Maintenance, and Repair Occupations","31,110",21.39,"44,500"
983,17,Illinois,"Installation, Maintenance, and Repair Occupations","214,110",24.52,"50,990"
984,18,Indiana,"Installation, Maintenance, and Repair Occupations","131,960",21.98,"45,720"
985,19,Iowa,"Installation, Maintenance, and Repair Occupations","67,290",22.69,"47,200"
986,20,Kansas,"Installation, Maintenance, and Repair Occupations","60,260",22.45,"46,700"
987,21,Kentucky,"Installation, Maintenance, and Repair Occupations","87,420",22.33,"46,440"
988,22,Louisiana,"Installation, Maintenance, and Repair Occupations","94,350",22,"45,770"
989,23,Maine,"Installation, Maintenance, and Repair Occupations","25,560",21.84,"45,420"
990,24,Maryland,"Installation, Maintenance, and Repair Occupations","104,250",25.26,"52,530"
991,25,Massachusetts,"Installation, Maintenance, and Repair Occupations","103,230",26.86,"55,880"
992,26,Michigan,"Installation, Maintenance, and Repair Occupations","171,540",22.99,"47,810"
993,27,Minnesota,"Installation, Maintenance, and Repair Occupations","100,030",24.04,"50,010"
994,28,Mississippi,"Installation, Maintenance, and Repair Occupations","51,980",20.82,"43,300"
995,29,Missouri,"Installation, Maintenance, and Repair Occupations","112,120",21.99,"45,740"
996,30,Montana,"Installation, Maintenance, and Repair Occupations","22,190",22.96,"47,750"
997,31,Nebraska,"Installation, Maintenance, and Repair Occupations","40,870",22.51,"46,820"
998,32,Nevada,"Installation, Maintenance, and Repair Occupations","51,980",24.74,"51,450"
999,33,New Hampshire,"Installation, Maintenance, and Repair Occupations","24,560",24.67,"51,310"
1000,34,New Jersey,"Installation, Maintenance, and Repair Occupations","137,090",26.38,"54,860"
1001,35,New Mexico,"Installation, Maintenance, and Repair Occupations","32,570",21.83,"45,400"
1002,36,New York,"Installation, Maintenance, and Repair Occupations","311,850",25.75,"53,560"
1003,37,North Carolina,"Installation, Maintenance, and Repair Occupations","188,380",22.2,"46,180"
1004,38,North Dakota,"Installation, Maintenance, and Repair Occupations","22,710",26.46,"55,030"
1005,39,Ohio,"Installation, Maintenance, and Repair Occupations","206,510",22.45,"46,710"
1006,40,Oklahoma,"Installation, Maintenance, and Repair Occupations","76,670",22.07,"45,900"
1007,41,Oregon,"Installation, Maintenance, and Repair Occupations","65,800",23.51,"48,900"
1008,42,Pennsylvania,"Installation, Maintenance, and Repair Occupations","237,190",23.45,"48,770"
1009,44,Rhode Island,"Installation, Maintenance, and Repair Occupations","15,730",24.14,"50,210"
1010,45,South Carolina,"Installation, Maintenance, and Repair Occupations","95,050",21.5,"44,730"
1011,46,South Dakota,"Installation, Maintenance, and Repair Occupations","16,950",22.65,"47,100"
1012,47,Tennessee,"Installation, Maintenance, and Repair Occupations","127,750",21.77,"45,290"
1013,48,Texas,"Installation, Maintenance, and Repair Occupations","520,660",22.57,"46,940"
1014,49,Utah,"Installation, Maintenance, and Repair Occupations","54,980",22.82,"47,480"
1015,50,Vermont,"Installation, Maintenance, and Repair Occupations","11,920",22.92,"47,670"
1016,51,Virginia,"Installation, Maintenance, and Repair Occupations","159,140",24.3,"50,540"
1017,53,Washington,"Installation, Maintenance, and Repair Occupations","129,080",26.59,"55,300"
1018,54,West Virginia,"Installation, Maintenance, and Repair Occupations","35,720",20.67,"42,980"
1019,55,Wisconsin,"Installation, Maintenance, and Repair Occupations","110,920",22.88,"47,590"
1020,56,Wyoming,"Installation, Maintenance, and Repair Occupations","17,190",27.1,"56,360"
1021,1,Alabama,Production Occupations,"218,860",17.24,"35,850"
1022,2,Alaska,Production Occupations,"10,120",22.49,"46,790"
1023,4,Arizona,Production Occupations,"112,060",18.41,"38,290"
1024,5,Arkansas,Production Occupations,"118,630",16.49,"34,310"
1025,6,California,Production Occupations,"836,260",19.38,"40,320"
1026,8,Colorado,Production Occupations,"102,540",19.71,"40,990"
1027,9,Connecticut,Production Occupations,"93,800",21.99,"45,740"
1028,10,Delaware,Production Occupations,"19,760",18.71,"38,920"
1029,11,District of Columbia,Production Occupations,"5,110",27,"56,150"
1030,12,Florida,Production Occupations,"308,970",17,"35,360"
1031,13,Georgia,Production Occupations,"311,820",16.83,"35,000"
1032,15,Hawaii,Production Occupations,"15,100",20.29,"42,210"
1033,16,Idaho,Production Occupations,"47,760",17.7,"36,820"
1034,17,Illinois,Production Occupations,"431,220",18.85,"39,220"
1035,18,Indiana,Production Occupations,"388,180",18.61,"38,710"
1036,19,Iowa,Production Occupations,"148,650",18.39,"38,240"
1037,20,Kansas,Production Occupations,"115,460",19.37,"40,290"
1038,21,Kentucky,Production Occupations,"197,030",18.77,"39,050"
1039,22,Louisiana,Production Occupations,"105,450",22.22,"46,210"
1040,23,Maine,Production Occupations,"35,900",19.43,"40,410"
1041,24,Maryland,Production Occupations,"80,640",19.62,"40,810"
1042,25,Massachusetts,Production Occupations,"152,320",20.57,"42,790"
1043,26,Michigan,Production Occupations,"472,680",19.1,"39,730"
1044,27,Minnesota,Production Occupations,"214,230",19.78,"41,140"
1045,28,Mississippi,Production Occupations,"108,810",16.92,"35,200"
1046,29,Missouri,Production Occupations,"207,770",18.23,"37,920"
1047,30,Montana,Production Occupations,"18,030",19.66,"40,900"
1048,31,Nebraska,Production Occupations,"77,460",18.54,"38,560"
1049,32,Nevada,Production Occupations,"51,600",17.79,"37,000"
1050,33,New Hampshire,Production Occupations,"45,500",19.63,"40,830"
1051,34,New Jersey,Production Occupations,"171,360",19.3,"40,130"
1052,35,New Mexico,Production Occupations,"27,090",19.64,"40,850"
1053,36,New York,Production Occupations,"327,890",19.74,"41,060"
1054,37,North Carolina,Production Occupations,"343,450",17.03,"35,430"
1055,38,North Dakota,Production Occupations,"24,130",20.81,"43,280"
1056,39,Ohio,Production Occupations,"497,280",18.81,"39,130"
1057,40,Oklahoma,Production Occupations,"107,690",19.16,"39,850"
1058,41,Oregon,Production Occupations,"118,750",19.03,"39,580"
1059,42,Pennsylvania,Production Occupations,"377,960",19.21,"39,950"
1060,44,Rhode Island,Production Occupations,"30,140",19.75,"41,070"
1061,45,South Carolina,Production Occupations,"199,480",18.75,"39,000"
1062,46,South Dakota,Production Occupations,"32,440",16.76,"34,850"
1063,47,Tennessee,Production Occupations,"265,850",17.68,"36,780"
1064,48,Texas,Production Occupations,"679,950",19.05,"39,620"
1065,49,Utah,Production Occupations,"94,000",17.96,"37,350"
1066,50,Vermont,Production Occupations,"19,630",19.57,"40,700"
1067,51,Virginia,Production Occupations,"181,300",18.45,"38,390"
1068,53,Washington,Production Occupations,"177,600",22.86,"47,560"
1069,54,West Virginia,Production Occupations,"37,930",19.51,"40,590"
1070,55,Wisconsin,Production Occupations,"337,370",18.72,"38,940"
1071,56,Wyoming,Production Occupations,"12,540",26.61,"55,340"
1072,1,Alabama,Transportation and Material Moving Occupations,"148,700",16.1,"33,480"
1073,2,Alaska,Transportation and Material Moving Occupations,"22,570",28.52,"59,320"
1074,4,Arizona,Transportation and Material Moving Occupations,"171,910",18.59,"38,660"
1075,5,Arkansas,Transportation and Material Moving Occupations,"104,850",16.58,"34,490"
1076,6,California,Transportation and Material Moving Occupations,"1,160,680",19.01,"39,530"
1077,8,Colorado,Transportation and Material Moving Occupations,"150,880",20.34,"42,310"
1078,9,Connecticut,Transportation and Material Moving Occupations,"97,860",18.75,"39,000"
1079,10,Delaware,Transportation and Material Moving Occupations,"29,680",16.9,"35,150"
1080,11,District of Columbia,Transportation and Material Moving Occupations,"15,630",22.92,"47,670"
1081,12,Florida,Transportation and Material Moving Occupations,"544,380",17.6,"36,600"
1082,13,Georgia,Transportation and Material Moving Occupations,"385,080",17.23,"35,830"
1083,15,Hawaii,Transportation and Material Moving Occupations,"42,020",22.81,"47,450"
1084,16,Idaho,Transportation and Material Moving Occupations,"45,330",16.95,"35,250"
1085,17,Illinois,Transportation and Material Moving Occupations,"499,650",19.02,"39,560"
1086,18,Indiana,Transportation and Material Moving Occupations,"269,730",17.34,"36,080"
1087,19,Iowa,Transportation and Material Moving Occupations,"119,970",18.42,"38,320"
1088,20,Kansas,Transportation and Material Moving Occupations,"93,920",18.41,"38,300"
1089,21,Kentucky,Transportation and Material Moving Occupations,"180,490",17.79,"37,000"
1090,22,Louisiana,Transportation and Material Moving Occupations,"148,820",17.92,"37,280"
1091,23,Maine,Transportation and Material Moving Occupations,"36,360",17.02,"35,400"
1092,24,Maryland,Transportation and Material Moving Occupations,"164,620",19.44,"40,430"
1093,25,Massachusetts,Transportation and Material Moving Occupations,"190,150",19.48,"40,510"
1094,26,Michigan,Transportation and Material Moving Occupations,"288,900",18.35,"38,170"
1095,27,Minnesota,Transportation and Material Moving Occupations,"177,580",19.68,"40,930"
1096,28,Mississippi,Transportation and Material Moving Occupations,"99,780",16.01,"33,290"
1097,29,Missouri,Transportation and Material Moving Occupations,"193,920",17.66,"36,730"
1098,30,Montana,Transportation and Material Moving Occupations,"28,730",19.11,"39,750"
1099,31,Nebraska,Transportation and Material Moving Occupations,"77,940",18.57,"38,620"
1100,32,Nevada,Transportation and Material Moving Occupations,"102,160",18.65,"38,780"
1101,33,New Hampshire,Transportation and Material Moving Occupations,"35,650",17.69,"36,790"
1102,34,New Jersey,Transportation and Material Moving Occupations,"379,840",18.3,"38,070"
1103,35,New Mexico,Transportation and Material Moving Occupations,"43,110",17.33,"36,050"
1104,36,New York,Transportation and Material Moving Occupations,"515,160",20.66,"42,960"
1105,37,North Carolina,Transportation and Material Moving Occupations,"323,480",16.33,"33,970"
1106,38,North Dakota,Transportation and Material Moving Occupations,"33,930",21.77,"45,270"
1107,39,Ohio,Transportation and Material Moving Occupations,"401,800",17.08,"35,530"
1108,40,Oklahoma,Transportation and Material Moving Occupations,"107,070",17.36,"36,120"
1109,41,Oregon,Transportation and Material Moving Occupations,"127,520",19.04,"39,610"
1110,42,Pennsylvania,Transportation and Material Moving Occupations,"463,430",17.81,"37,040"
1111,44,Rhode Island,Transportation and Material Moving Occupations,"26,830",17.44,"36,280"
1112,45,South Carolina,Transportation and Material Moving Occupations,"153,680",16.29,"33,870"
1113,46,South Dakota,Transportation and Material Moving Occupations,"29,810",16.72,"34,770"
1114,47,Tennessee,Transportation and Material Moving Occupations,"277,290",16.83,"35,010"
1115,48,Texas,Transportation and Material Moving Occupations,"865,690",19.12,"39,770"
1116,49,Utah,Transportation and Material Moving Occupations,"95,240",18.11,"37,660"
1117,50,Vermont,Transportation and Material Moving Occupations,"16,830",18.45,"38,380"
1118,51,Virginia,Transportation and Material Moving Occupations,"237,820",18.36,"38,200"
1119,53,Washington,Transportation and Material Moving Occupations,"233,020",21.35,"44,410"
1120,54,West Virginia,Transportation and Material Moving Occupations,"53,700",17.35,"36,090"
1121,55,Wisconsin,Transportation and Material Moving Occupations,"209,030",17.92,"37,270"
1122,56,Wyoming,Transportation and Material Moving Occupations,"22,070",22.17,"46,110"
